wavelength_nm,csca_mie,csca_sample,Q_mie,Q_sample,weighted_S,S_min,S_max,C_back,back_fraction,g,l_scat_mie_um,l_scat_sample_um,l_transport_um,lambda_over_l_transport,rho,n_eff_mg_real,n_eff_mg_imag,n_eff_bg_real,n_eff_bg_imag,mu_a_mg,mu_a_bg
400.0,0.04191323182707311,0.004173884562716347,0.7005563984704092,0.06976416299635167,0.09958393521017628,0.008341230676926936,4.763794495162379,0.000799533285519184,0.19155615674211438,0.2170436136653486,0.46901495623882605,4.709745153663081,6.015335254766082,0.06649670933686884,50.870049297428714,1.320902287518085,8.947059695715814e-06,1.3412466309891566,1.0644493674206007e-05,0.0002810801701129013,0.00033440663128068613
405.0,0.04061035287172197,0.004029226548659503,0.678779500130298,0.06734628460998288,0.09921673326471282,0.008340557759012435,4.765095241338869,0.000771818293507072,0.1915549508537441,0.20516294577239566,0.48406209749757656,4.87883526870499,6.138157805748094,0.06598070835206236,50.870049297428714,1.3200989868246278,8.954987607285199e-06,1.340291321179036,1.0645170514996466e-05,0.00027785603239540563,0.0003302991554185044
410.00000000000006,0.03937193939697573,0.0038870695960640605,0.6580801065052745,0.06497021007727495,0.09872690183919762,0.008341127885253652,4.7654353200925765,0.0007458012223019641,0.19186721613040886,0.19394965958622762,0.4992878911297025,5.057262831390399,6.274127778166235,0.06534772871964563,50.870049297428714,1.3193287546729058,8.962581780931315e-06,1.3393760739049216,1.0645822126071524e-05,0.0002747003032211858,0.00032629108861160946
415.00000000000006,0.03818980299242935,0.003746493549563567,0.6383213528618764,0.06262055951217627,0.09810193444324032,0.008289738296819782,4.765336114278217,0.0007228720136342203,0.19294628539222453,0.18327052727844823,0.5147429693496823,5.247021603304892,6.424430338996428,0.06459716707969285,50.870049297428714,1.318589753478392,8.969861222195042e-06,1.3384986132117471,1.0646449741847763e-05,0.00027161108548788337,0.0003223788751402591
420.00000000000006,0.03705665520266657,0.0036068441806644666,0.6193814167145962,0.06028639784866488,0.09733323639001613,0.008341073590979242,4.765151577258175,0.000704636818549979,0.195361036755452,0.17302696779266125,0.5304831880721899,5.4501751688039395,6.590511366805334,0.0637279835545735,50.870049297428714,1.3178802744287361,8.976843570738313e-06,1.3376568266599904,1.0647054522943321e-05,0.0002685865315643452,0.0003185591263966544
425.00000000000006,0.03596620036265181,0.003467711550321164,0.6011550695179115,0.057960873183204475,0.09641584363529603,0.008279816811140095,4.765080416835502,0.0006930668514253404,0.19986288979576505,0.1631521076038865,0.5465668431190677,5.668848837609297,6.774049249712401,0.06273943166534313,50.870049297428714,1.3171987265961567,8.98354521873624e-06,1.3368487511209166,1.06476375612995e-05,0.0002656248438811621,0.00031482861120626113
430.00000000000006,0.03491314586276513,0.003328910795847113,0.5835538482406454,0.05564089563863088,0.09534834841100344,0.00834071740194986,4.765177141692286,0.000690636356782909,0.20746616510255922,0.15360681246793745,0.5630524579043348,5.905214587223591,6.976916490126987,0.06163181121753309,50.870049297428714,1.3165436271263047,8.98998141728207e-06,1.3360725600171741,1.0648199884908081e-05,0.000262724275129694,0.00031118424681286425
435.00000000000006,0.03389317740249388,0.003190454273451977,0.5665056417451614,0.05332667174212809,0.09413264019375242,0.008333348876574775,4.765361684226022,0.0007003010962329945,0.21949886637155577,0.14437377830767975,0.579996745591519,6.161483884842884,7.201139619887115,0.06040710539741196,50.870049297428714,1.3159135923820062,8.996166372189452e-06,1.3353265518405233,1.0648742462176296e-05,0.00025988312814107515,0.00030762309047487567
440.0,0.03290290275776522,0.003052525639456322,0.5499537508895495,0.051021271207122694,0.09277374892815234,0.008276824122555482,4.765427636214359,0.0007249512712504773,0.2374922791408876,0.135453081559603,0.5974528367884839,6.4398910649948515,7.448862436074747,0.059069422180370194,50.870049297428714,1.3153073299356977,9.00211333039737e-06,1.334609139800469,1.0649266205958374e-05,0.000257099755505083,0.0003041423316250989
445.0,0.03193972752911774,0.002915443086170101,0.5338548117273026,0.048730012441405395,0.09127952276713219,0.008340842659697922,4.7650493837245795,0.0007657680888188998,0.26265924807500124,0.12685707117272776,0.615469639597939,6.742691251444146,7.722322461570327,0.057625151269519725,50.870049297428714,1.314723631317624,9.007834658029581e-06,1.3339188424763708,1.0649771977281998e-05,0.00025437255897903157,0.0003007392845504321
450.0,0.03100179584475589,0.0027796313979044363,0.5181778043917958,0.046459995478883215,0.08966033489878054,0.008338261683570769,4.764739073745857,0.0008195275693665446,0.2948331818328093,0.11860619075524817,0.6340901246379798,7.0721364732110095,8.023810014357801,0.05608308262468457,50.870049297428714,1.3141613654382862,9.01334191102853e-06,1.3332542753617342,1.0650260588793365e-05,0.00025169998872871303,0.00029741138155173457
455.0,0.030087842585896293,0.0026455890686532487,0.5029015831249978,0.04421955236988533,0.08792883906848713,0.008341161314789569,4.765438087924638,0.0008772165259095231,0.3315770148521497,0.11072577829901177,0.6533513506354603,7.430455781709682,8.355640589127654,0.05445423305928755,50.870049297428714,1.3136194726134975,9.018645899169923e-06,1.3326141432032594,1.0650732807944224e-05,0.0002490805424365709,0.0002941561665475636
460.0,0.029197093565360287,0.0025138582452488797,0.48801320781806967,0.04201774479769768,0.08609960575772327,0.008340718241926504,4.764469785431111,0.000927278442669357,0.3688666393269735,0.10324196023884989,0.6732838851646804,7.819825413129557,8.720106278849034,0.05275165064395469,50.870049297428714,1.3130969591289534,9.023756744166149e-06,1.3319972330491685,1.0651189359942096e-05,0.0002465127643065541,0.0002909712890885901
465.0,0.02832914328186386,0.00238499763653492,0.4735059007421961,0.03986391127042849,0.08418883736811697,0.008339832808118564,4.76542520341455,0.0009614553197571723,0.40312631971997975,0.09617828875338143,0.6939120041723023,8.242327912644303,9.119417922895288,0.0509900965096212,50.870049297428714,1.3125928922886345,9.028683932481718e-06,1.331402407931674,1.0651630930482608e-05,0.00024399524399026896,0.0002878544987522922
470.00000000000006,0.027483896676278353,0.0022595659131098194,0.4593780730368213,0.037767389656939696,0.08221417580353789,0.008196758956971917,4.765153206071169,0.000977300742460636,0.4325170320504552,0.08955322069980107,0.7152527468264512,8.699871279323487,9.555606628660394,0.049185783620509876,50.870049297428714,1.312106395897814,9.03343636341024e-06,1.3308286011173918,1.06520581682814e-05,0.00024152661545498306,0.0002848036398900765
475.00000000000006,0.026661431748823558,0.00213809671935398,0.44563102843231095,0.03573709952675391,0.08019436988594297,0.008340283202481258,4.764597668473184,0.0009765481240216332,0.45673711351874413,0.08337583529138992,0.7373172144841724,9.194126913557987,10.030421701222279,0.0473559351888583,50.870049297428714,1.3116366461370745,9.0380223928984e-06,1.3302748108672635,1.0652471687421878e-05,0.00023910555581060762,0.00028181664670128703
480.00000000000006,0.025861957188682453,0.0020210882109021246,0.43226825505248784,0.033781367274714154,0.07814908191815353,0.008242446020813032,4.765013695983598,0.0009626137177150379,0.4762848610577811,0.07764261901847605,0.76011001208389,9.726410002870697,10.545164166757537,0.045518494772527764,50.870049297428714,1.3111828677886341,9.04244987354665e-06,1.3297400956543253,1.065287206953368e-05,0.0002367307841099009,0.0002788915386106575
485.00000000000006,0.02508573273047338,0.0019089898933456644,0.41929409421728486,0.03190770613720149,0.0760986300004178,0.008112586364135144,4.76508331319738,0.0009390614911304056,0.49191538122007644,0.07233311398212028,0.7836299940851482,10.29755718441772,11.100490207881847,0.04369176413989611,50.870049297428714,1.3107443307806055,9.046726191167527e-06,1.3292235697935326,1.0653259865814947e-05,0.00023440106013369294,0.00027602641592764716
490.0,0.024333010857108674,0.0018021949328283803,0.4067127660383955,0.030122687668011235,0.07406378698515581,0.008304144120397816,4.764882944663489,0.0009089997017764403,0.5043847839200437,0.06740578092167565,0.8078709497414939,10.907772646076157,11.696161549077825,0.04189408618750086,50.870049297428714,1.3103203470185554,9.050858298240087e-06,1.3287243994430122,1.065363559891134e-05,0.0002321151831708839,0.0002732194557678577
495.0,0.02360403143893228,0.001701038579859179,0.3945282798154353,0.02843191539325836,0.07206559541576874,0.008340481688406287,4.765074868025364,0.0008749552049501318,0.514365291481258,0.06279378829231402,0.8328209798424029,11.556429597751894,12.330722367593884,0.04014363353933742,50.870049297428714,1.309910267477067,9.054852744561411e-06,1.3282417989406083,1.0653999764662214e-05,0.00022987199080122428,0.0002704689082182642
500.0,0.022898942045319986,0.0016057916356525463,0.38274310208858553,0.026839915604885793,0.07012514519118287,0.008339428781505398,4.765437992534824,0.000838920863826069,0.522434446163469,0.058400262295057015,0.8584646641009379,12.241894997300857,13.0011665329679,0.0384580874902354,50.870049297428714,1.3095134795269132,9.058715705363512e-06,1.32777502744355,1.0654352833725016e-05,0.0002276703576874279,0.0002677730927294728
505.0,0.022217815555706708,0.0015166635379956553,0.3713584509971359,0.025350188939219823,0.06826339584073539,0.007990488757464886,4.764840671512504,0.0008024496203806143,0.5290887532254455,0.05409436115203617,0.8847824189517709,12.961300973307091,13.702530612982603,0.03685450624146262,50.870049297428714,1.3091294044760142,9.062453007135153e-06,1.327323385842525,1.0654695253087449e-05,0.00022550919438192891,0.00026513039471950554
510.0,0.021560632869379055,0.001433804620060009,0.3603740072832673,0.023965248131752503,0.06650104515699694,0.00834026875931726,4.765405341181083,0.0007667434005866685,0.534761424157343,0.04970882564721529,0.9117511860758571,13.71032867112656,14.427502897166503,0.03534915249264387,50.870049297428714,1.308757495304639,9.066070151362557e-06,1.326886213924524,1.0655027447475234e-05,0.00022338744615255148,0.00026253926237479057
515.0,0.020927255467227842,0.0013573050960302372,0.3497874556769799,0.022686601062490225,0.06485824661316826,0.00834043357004477,4.765419328839512,0.0007327256485297003,0.5398385747410301,0.045036896669505,0.93934594634193,14.483061066149963,15.166094915750524,0.03395732407458128,50.870049297428714,1.3083972345773014,9.069572336380706e-06,1.3264628877614921,1.0655349820664327e-05,0.00022130409183048418,0.0002599982036351718
520.0,0.020317449186497326,0.001287202750140683,0.33959488227782575,0.02151487927393106,0.06335454506740633,0.008340913615574763,4.765403014642111,0.0007010993324700853,0.5446689205670665,0.03983453713419749,0.9675393997917235,15.271823020152793,15.905407568577854,0.032693283574027565,50.870049297428714,1.3080481325155955,9.072964477507114e-06,1.3260528173042228,1.0655662756704357e-05,0.00021925814268321155,0.0002575057833507136
525.0,0.019730870004985007,0.0012234839008452064,0.3297905369457019,0.020449854086627698,0.062008613940292195,0.008332145437336624,4.765437501043635,0.0006723900367104907,0.5495699912732734,0.03382299401202343,0.9963033858231233,16.067177163199602,16.629641425558358,0.03157013350829797,50.870049297428714,1.3077097252177843,9.076251225612254e-06,1.3256554441630284,1.0655966621060118e-05,0.00021724864131442904,0.00025506062059901346
530.0,0.01916709418406871,0.001166089914329183,0.32036733712481136,0.019490545468923988,0.06083811678133312,0.008275600786280979,4.765192352068062,0.0006469801105743316,0.5548286651175781,0.026697109845183392,1.0256083891705259,16.857990408493578,17.32039489352805,0.03059976422350741,50.870049297428714,1.3073815730123683,9.079436984265471e-06,1.3252702395585934,1.0656261761677452e-05,0.00021527466059245183,0.0002526613861525714
535.0,0.018625599024229878,0.001114918484559229,0.3113165461829203,0.018635243432275392,0.05985946992141522,0.007874322849166449,4.76542348710728,0.0006251331256141306,0.5606985033181777,0.018136734690121226,1.0554255229928247,17.631721837470494,17.95741062978446,0.029792714051581588,50.870049297428714,1.3070632589341054,9.082525925581194e-06,1.324896702428075,1.065654850997845e-05,0.00021333530260818476,0.0002503068000865163
540.0,0.01810579691038283,0.0010698284643681053,0.3026283424601337,0.017881588780150764,0.059087620924026196,0.008340836100972582,4.765277635446147,0.0006070139945675537,0.5673937596398567,0.007823159381154715,1.0857258969876968,18.374845356926855,18.51972814187641,0.029158095403083357,50.870049297428714,1.3067543873120684,9.085522004878144e-06,1.3245343576729836,1.0656827181792456e-05,0.00021142969766335987,0.0002479956295177422
545.0,0.017607038219027864,0.001030641007098881,0.29429186786034506,0.017226592189980686,0.05853573975804011,0.007855842825059134,4.765315713183689,0.0005927031297115813,0.5750820369354046,-0.004541394130663817,1.1164815085116477,19.073501302395254,18.98727261398877,0.02870343788072407,50.870049297428714,1.3064545824603266,9.088428974253057e-06,1.3241827545367033,1.065709807822603e-05,0.00020955700328943868,0.0002457266864670884
550.0,0.017128630393651288,0.0009971419069540308,0.28629554668595664,0.016666673330793188,0.058214923437405745,0.008328575052107046,4.765437492482707,0.0005822070779633787,0.5838758494684538,-0.019210511925369017,1.147665174589129,19.71427783157921,19.3426947631627,0.028434507535498647,50.870049297428714,1.3061634874627197,9.091250395160911e-06,1.3238414651006658,1.0657361486477478e-05,0.0002077164032973296,0.00024349882583686138
555.0,0.016669828155387787,0.0009690801307564379,0.2786269220145366,0.01619763632241413,0.05813378048790656,0.008085343475257245,4.765246902625535,0.0005754645725450743,0.5938255818906143,-0.036370216576810915,1.179252263908246,20.2851466739474,19.573262864452413,0.02835500671724754,50.870049297428714,1.305880763043995,9.093989650084707e-06,1.3235100828892505,1.0657617680599394e-05,0.0002059071068578575,0.00024131094349650266
560.0,0.01622986344608327,0.0009461653376993289,0.2712731561804889,0.015814628279464463,0.058297800276789484,0.008338627835823842,4.765191588432086,0.0005723504780823147,0.604915922489855,-0.05611898686184047,1.2112198390644182,20.776424381601405,19.67242767156059,0.0284662375864044,50.870049297428714,1.3056060865202916,9.096649953370167e-06,1.323188221574413,1.0657866922213286e-05,0.00020412834761275464,0.0002391619744697351
565.0000000000001,0.015807959070215826,0.0009280647447816558,0.2642212587921876,0.015512086918853054,0.05870870114600979,0.007597831613356032,4.765412587101711,0.0005726756820811708,0.6170643646375159,-0.07844920426127011,1.2435465263976089,21.181639214004786,19.64083160366747,0.028766602728496456,50.870049297428714,1.3053391508225922,9.099234361293627e-06,1.3228755137718822,1.0658109461179062e-05,0.00020237938281580085,0.00023705089121696287
570.0000000000001,0.015403324122365007,0.0009143951479345398,0.2574580103046651,0.015283607197335316,0.05936349457237446,0.008339360648638716,4.76523793265736,0.0005761824634295902,0.6301241478928301,-0.10323516698908386,1.2762136558991146,21.498290575585763,19.486589277477666,0.029250885923828563,50.870049297428714,1.305079663587345,9.101745781425215e-06,1.3225716099215166,1.0658345536223432e-05,0.0002006594925036305,0.00023497670200716558
575.0000000000001,0.015015160254890796,0.0009047094491964593,0.25097006678038575,0.015121716120726995,0.060253066490034556,0.00809154646882948,4.765371044183395,0.000582535689114574,0.6438925664277829,-0.1302306008498752,1.3092056466596425,21.728448408118386,19.22479217230511,0.029909296019768404,50.870049297428714,1.3048273463089735,9.104186981343648e-06,1.322276177245091,1.0658575375529245e-05,0.00019896797869563154,0.0002329384493738834
580.0000000000001,0.014642678763212897,0.000898482880783424,0.24474424546020299,0.01501764248688595,0.06136055398829762,0.007770304462146882,4.765279985905471,0.000591309036234163,0.658119424288392,-0.15906785406876728,1.3425093119292828,21.879028539822496,18.876400085654016,0.03072619765252791,50.870049297428714,1.3045819335494573,9.106560596754024e-06,1.321988898775377,1.065879919728901e-05,0.00019730416462229462,0.00023093520865028917
585.0,0.014285120941914526,0.0008950908196572344,0.23876786500433192,0.014960946068538657,0.06265895985737957,0.008334023259643941,4.765392006236176,0.0006019650556916606,0.672518410949826,-0.18926464574796173,1.3761124369289284,21.96194191638594,18.46682485257389,0.03167842900283224,50.870049297428714,1.304343172200589,9.10886913905536e-06,1.321709472450943,1.065901721022498e-05,0.00019566739398131354,0.00022896608657866648
590.0000000000001,0.013941710407248556,0.0008937756667391726,0.2330279485895115,0.01493896401772672,0.06410803557320212,0.008326799859472267,4.7654080112978185,0.0006138252666407647,0.6867777782317889,-0.22023261620420626,1.410008673037846,21.99425798077715,18.02464357098975,0.03273296349391294,50.870049297428714,1.3041108207949004,9.111115002400489e-06,1.3214376102715806,1.0659229614077886e-05,0.00019405703022069913,0.00022703021998992442
595.0,0.013611725767063305,0.0008936161581028499,0.2275124385464656,0.0149362979194347,0.06565046735404848,0.008340786858865412,4.765379453924746,0.0006260385000767594,0.7005675696440419,-0.251282949022962,1.4441910546544618,21.998183910345045,17.580503216735963,0.03384430995317488,50.870049297428714,1.3038846488615765,9.113300470287305e-06,1.3211730375097077,1.0659436600066509e-05,0.00019247245584814123,0.00022512677454907635
600.0000000000001,0.013294453616626716,0.000893485933669813,0.22220941071120218,0.01493412129034111,0.06720742043526891,0.007444035147700645,4.765368473772913,0.0006375415011725769,0.7135439710326541,-0.2816300205941271,1.478656675789764,22.001390117538257,17.16672500175912,0.034951337540417085,50.870049297428714,1.3036644363240117,9.115427721716842e-06,1.3209154919735082,1.065963835132034e-05,0.00019091307176582914,0.0002232549435628799
605.0,0.012989208225198348,0.0008920246236630707,0.21710740347513358,0.014909696304942802,0.0686742877778025,0.007850124161280614,4.76543249228548,0.0006470312186948907,0.7253512980817476,-0.31039448402586917,1.5134049936213325,22.037432678122485,16.81740342069956,0.035974637990508145,50.870049297428714,1.3034499729359192,9.117498836950841e-06,1.3206647233179172,1.0659835043286694e-05,0.00018937829662993882,0.0002214139468460728
610.0,0.012695341540878528,0.0008876455800703923,0.21219558501057517,0.014836503022671256,0.06991899959620672,0.007806371856594163,4.76543347723131,0.0006529723298429352,0.7356228031813701,-0.33660984097556923,1.5484366866306551,22.146150482316994,16.568896774060025,0.03681596960366156,50.870049297428714,1.3032410577531799,9.119515802898491e-06,1.320420492399904,1.0660026844113934e-05,0.00018786756623397982,0.00021960302964287425
615.0,0.012412219178597417,0.0008786236273529965,0.2074633519233148,0.014685706092266415,0.07078698939413033,0.008340792036134248,4.765416994217185,0.0006536867001026271,0.7439894395646629,-0.3592534141426684,1.5837564828938038,22.3735533386751,16.460178143298563,0.03736290061054929,50.870049297428714,1.3030374986388404,9.121480518159716e-06,1.3201825706747865,1.066021391501336e-05,0.0001863803329152064,0.0002178214616006612
620.0,0.012139247796272954,0.0008633335380057444,0.20290078682989265,0.014430140738356323,0.07111919556257916,0.008340918575531986,4.765406060896245,0.0006475915347617812,0.7501058469912845,-0.3773254159507991,1.619369908342915,22.769800692107093,16.531896114317025,0.0375032601047538,50.870049297428714,1.3028391117988785,9.123394797749989e-06,1.3199507396305963,1.0660396410599478e-05,0.00018491606498329484,0.0002160685357928666
625.0,0.011875871418070281,0.0008406599385309036,0.19849859690292396,0.014051164112216151,0.07078722132775525,0.008340767904068791,4.765419036630204,0.0006336104114218734,0.7537059664448149,-0.39000383584785897,1.6552833808297243,23.383929327660972,16.822924314735797,0.03715168589640151,50.870049297428714,1.3026457213465545,9.125260377529747e-06,1.3197247902577427,1.066057447921151e-05,0.00018347424617050543,0.00021434356778840137
630.0,0.011621553656189002,0.0008104776958814274,0.19424781671814417,0.013546684684442242,0.0697391863307202,0.008339907875309027,4.765436622340735,0.0006116532382507283,0.7546823822036589,-0.3968576505950328,1.691506417537704,24.254748392333813,17.36379392846636,0.036282393271620916,50.870049297428714,1.3024571588933307,9.127078918359448e-06,1.3195045225514614,1.066074826321672e-05,0.0001820543751025544,0.00021264589476502726
635.0,0.01137578511842242,0.0007739148925297452,0.19013993206764862,0.01293555772721507,0.06803177841997342,0.008337430201820317,4.679250402399676,0.0005828804097895339,0.7531582806014178,-0.3980340705025759,1.7280506256546275,25.400638727787396,18.168826685787554,0.03494997288386952,50.870049297428714,1.3022732631645135,9.128852009999717e-06,1.319289745044724,1.0660917899296596e-05,0.00018065596478943955,0.00021097487466427788
640.0,0.01113811143834514,0.0007331197063924322,0.18616734846891506,0.012253688841675547,0.06582082702714963,0.008340707605368758,4.384532437266029,0.0005494696080644042,0.7494950732783578,-0.39427949569205484,1.7649251132042156,26.814082911419863,19.231497697748622,0.03327873939193633,50.870049297428714,1.3020938796379047,9.13058117477452e-06,1.3190802743694792,1.0661083518717482e-05,0.0001792785421354806,0.00020932988538568788
645.0,0.01090807111836488,0.00069058835536898,0.18232235224592622,0.011542800924036504,0.06330985083204144,0.008324624240617973,3.948997875651959,0.0005139441645868416,0.7442120339724555,-0.3867411331809199,1.802145620237686,28.465485174158882,20.526891784672518,0.031422195175288214,50.870049297428714,1.3019188602038883,9.132267871013724e-06,1.318875934844253,1.0661245247585916e-05,0.00017792164746785,0.0002077103240182016
650.0,0.010685253131975311,0.0006484828803855361,0.17859807331884342,0.010839031287946688,0.06068951969373283,0.008340430827338485,3.456340312167945,0.0004784910865315192,0.7378623260602448,-0.37666291138108676,1.8397254934819156,30.313726369330567,22.019716023960747,0.029519000122104334,50.870049297428714,1.3017480628455036,9.133913496290354e-06,1.318676558086305,1.0661403207090437e-05,0.000176584834082895,0.0002061156061067937
655.0,0.01046927836567805,0.000608279697454111,0.17498817501603667,0.010167057407295142,0.0581013968878948,0.008340633708579959,2.97197605118508,0.00044460968016826773,0.7309296726968424,-0.36513607466328013,1.8776778976140354,32.31725910543886,23.67328774416142,0.027668315743830035,50.870049297428714,1.3015813513371564,9.135519390466423e-06,1.3184819826466598,1.0661557513730026e-05,0.00017526766780956592,0.00020454516495242326
660.0,0.010259766238018494,0.0005707704674951353,0.17148629612980282,0.009540111454812303,0.05563191736085503,0.00833921230647694,2.5330851836289474,0.0004131124791899652,0.7237804033606314,-0.35298543274564387,1.9160214896864038,34.441047164673094,25.455593483206318,0.025927503927002066,50.870049297428714,1.3014185949607284,9.137086838560422e-06,1.3182920536664733,1.0661708279530383e-05,0.0001739697265892934,0.0002029984509435765
665.0,0.010056391155930332,0.0005362418597592312,0.16808699455281784,0.00896298494785471,0.05332348865954813,0.008339728236049226,2.1538783306628293,0.00038430560095004525,0.7166646802295438,-0.3407718140622323,1.9547700846550733,36.65870583103814,27.34149498561626,0.024322005813867946,50.870049297428714,1.3012596682379387,9.13861707344821e-06,1.3181066225533078,1.0661855612248507e-05,0.00017269060007167006,0.00020147493091774444
670.0,0.009858824279745266,0.0005046703674483841,0.16478477391260804,0.008435284983345252,0.05118971117937644,0.008328565158762014,1.8348045292930277,0.0003581835518777801,0.7097376326824139,-0.32884210720417417,1.9939428915057598,38.95202464648968,29.312756147111443,0.022856943121877797,50.870049297428714,1.3011044506778902,9.140111278408645e-06,1.3179255466759947,1.0661999615566784e-05,0.00017142988922532422,0.00019997408755129435
675.0,0.009666781470996113,0.00047587424183836524,0.1615748849924569,0.007953973732270936,0.04922778520091329,0.007575834000922543,1.5698685253007283,0.0003345804989453041,0.7030859616456131,-0.31739069890690996,2.033555082442224,41.309091484467125,31.35675052111942,0.021526465235783075,50.870049297428714,1.3009528265388217,9.141570589523844e-06,1.3177486890768664,1.0662140389276344e-05,0.00017018720596338147,0.00019849541877625825
680.0,0.009479979351125071,0.0004496023519516124,0.15845259127711125,0.00751485367977748,0.047426511735835605,0.008340148013124105,1.3509923924328402,0.0003132625509609995,0.696754698015267,-0.30651879003570065,2.0736260980219843,43.72293095414704,33.46521403871452,0.0203196070765702,50.870049297428714,1.3008046846031451,9.142996097943823e-06,1.3175759182002202,1.0662278029451496e-05,0.0001689621727829439,0.0001970384372226863
685.0,0.009298171546939803,0.0004255941828812256,0.15541377477545523,0.007113570463841961,0.04577181446187625,0.008325006585937711,1.1701681677377487,0.0002939813335867813,0.690755055899872,-0.29625537125422097,2.114171855397984,46.189382707537106,35.632934475592975,0.01922378861244772,50.870049297428714,1.3006599179649256,9.144388852024186e-06,1.3174071076359768,1.0662412628614374e-05,0.0001677544224180297,0.0001956026696852435
690.0,0.009121108744393858,0.00040359778717978507,0.1524542683416292,0.006745912922769752,0.04424876388277356,0.008040590352410115,1.0203263627977697,0.00027649871541931675,0.6850848151358886,-0.2865993499447116,2.155213049431616,48.70674026378078,37.856960106402845,0.018226503080560303,50.870049297428714,1.3005184238290202,9.145749859344903e-06,1.3172421358775521,1.0662544275891804e-05,0.00016656359750543673,0.00019418765661285563
695.0000000000001,0.008948575092255938,0.000383385175594805,0.1495704641421493,0.006408070342792217,0.042843153423005306,0.0057220419018048085,0.895561884721888,0.00026059917610117116,0.6797320102345198,-0.2775288147467803,2.1967667911972226,51.274628865615526,40.13579049939371,0.017316215561033955,50.870049297428714,1.3003801033211346,9.147080088617952e-06,1.3170808860930416,1.0662673057163933e-05,0.00016538935026301943,0.00019279295162023612
700.0,0.00878036814225505,0.00036475500591712787,0.14675897836657142,0.006096677400674693,0.04154210848651824,0.007408400261743275,0.7910791157967584,0.00024609246281561195,0.6746787811639356,-0.2690095910202366,2.2388506122653014,53.893523796267615,42.46896491376336,0.016482624462861438,50.870049297428714,1.3002448613081334,9.148380471490582e-06,1.3169232459088882,1.0662799055205048e-05,0.00016423134217988082,0.00019141812102020783
705.0000000000001,0.008616294427999716,0.0003475311158003618,0.1440165773315805,0.005808789640608009,0.0403341736641469,0.008339045763804731,0.7030372399612581,0.00023281297786602323,0.6699054193459959,-0.2610035694817888,2.281483386561348,56.564525297052555,44.85675272140413,0.015716697202283168,50.870049297428714,1.30011260622796,9.149651904250923e-06,1.3167691072052436,1.0662922349817461e-05,0.000163089243718006,0.0001900627433758011
710.0,0.008456172399650134,0.00033156049984165846,0.14134022653240633,0.0055418496622368744,0.03920928810006008,0.006201152860763615,0.6283779836785494,0.00022061771002926693,0.6653920178508179,-0.2534721917905101,2.324684462679095,59.28912702384753,47.29991412027781,0.0150105980783508,50.870049297428714,1.2999832499285802,9.150895249441891e-06,1.3166183659223076,1.066304301795927e-05,0.00016196273402488103,0.0001887264090711706
715.0000000000001,0.008299845741211067,0.00031671132341425795,0.13872731323397994,0.005293653922973649,0.03815869996736171,0.006422777150076886,0.564668638965988,0.00020938385108019536,0.6611189294495845,-0.2463774964008541,2.3684696323445276,62.06892882541467,49.79946204472578,0.014357584814025619,50.870049297428714,1.2998567075154124,9.152111337388986e-06,1.31647092187697,1.0663161133864553e-05,0.00016085150065665507,0.0001874087199003809
720.0,0.008147149160545524,0.000302868689482001,0.1361750746700069,0.005062281982653306,0.03717480599823966,0.008338617219360134,0.5099704141420294,0.00019900517068163152,0.6570674935794514,-0.2396835622240655,2.4128602783413617,64.90579341437902,52.35674279485823,0.013751810398539701,50.870049297428714,1.2997328972067186,9.153300967647402e-06,1.3163266785891243,1.0663276769159118e-05,0.00015975523931143013,0.00018610928867324994
725.0000000000001,0.007997945796208685,0.00028993411428484563,0.13368122327742668,0.004846087739907969,0.03625107267197095,0.007397817221401537,0.4627324556992477,0.0001893904731785121,0.6532190033782831,-0.23335457574583768,2.4578726953264716,67.8013783914008,54.973143753409076,0.013188257947409826,50.870049297428714,1.2996117401964935,9.154464910373104e-06,1.3161855431170786,1.0663389992969236e-05,0.00015867365357226862,0.00018482773883737966
730.0,0.00785210053341257,0.0002778188251760327,0.1312435006875781,0.004643587409236368,0.03538146563379404,0.008328567976891743,0.42170832747213094,0.00018046071459072399,0.6495625862515967,-0.22736970231302156,2.5035253315406814,70.75810135885042,57.65019392730999,0.012662576658813027,50.870049297428714,1.2994931605244007,9.155603907622617e-06,1.3160474259015076,1.066350087202609e-05,0.00015760645465953544,0.00018356370411564668
735.0000000000001,0.0077094912143781434,0.000266449788512915,0.12885986510101033,0.004453560273852188,0.034561267547200535,0.008296866648795587,0.38589088420251183,0.00017214739871895658,0.6460781961199136,-0.22169094911173745,2.54983526727945,73.77724974343386,60.389454302723244,0.012170999199886056,50.870049297428714,1.2993770849523447,9.156718674585639e-06,1.31591224061745,1.0663609470764517e-05,0.00015655336119219977,0.000182316828158391
740.0,0.00756999955140939,0.0002557598806341202,0.1265283394045615,0.004274884399024716,0.03378598359183556,0.00833852068700569,0.35446171433195306,0.0001643907776548277,0.6427543571229553,-0.21629664251051534,2.596820839644902,76.86089210889301,63.19255469639967,0.011710240289464999,50.870049297428714,1.2992634428472916,9.157809900754564e-06,1.3157799040338654,1.0663715851417412e-05,0.00015551409895774276,0.00018108676420963227
745.0000000000001,0.007433516749369466,0.0002456906608854882,0.12424710514792565,0.00410658298166772,0.03305173973090576,0.007106440198063058,0.32675191992890107,0.00015713865304145023,0.6395792679913446,-0.2111646080115107,2.644499670074721,80.01090688735889,66.06113352232175,0.011277432890979202,50.870049297428714,1.299152166069976,9.158878251034488e-06,1.3156503358803204,1.0663820074105651e-05,0.0001544884006903263,0.0001798731747866506
750.0,0.007299938771192598,0.00023619051404111382,0.12201442340931298,0.003947793301938561,0.032355136316099146,0.008339372893874764,0.3022116405370142,0.00015034516158937263,0.6365419127848715,-0.20627424183428522,2.6928900648835072,83.22913674585845,68.9968614593797,0.010870059653967668,50.870049297428714,1.299043188869158,9.159924366797261e-06,1.3155234587203821,1.0663922196923422e-05,0.0001534760058568982,0.000178675731372308
755.0,0.007169174717518894,0.0002272138757402112,0.11982877485639301,0.003797753776845441,0.03169317037077949,0.008340513157176543,0.2803862962646724,0.00014397002247687457,0.6336321758864988,-0.20160670734449737,2.7420077436759245,86.51730677609977,72.00135139666418,0.01048591429681109,50.870049297428714,1.2989364477811123,9.16094886688272e-06,1.3153991978313364,1.0664022276019723e-05,0.00015247666045091653,0.00017749411411953093
760.0,0.007041138018157812,0.00021871972764941645,0.11768871251649729,0.0036557788077208274,0.03106312176886437,0.00834047429274165,0.26089799220652954,0.00013797757452291054,0.6308419272726662,-0.1971469777174353,2.791868663916009,89.87727262861245,75.07622230311168,0.010123045308960629,50.870049297428714,1.298831881534054,9.161952348550238e-06,1.3152774810898686,1.066412036567631e-05,0.00015149011679339568,0.0001763280115674
765.0,0.006915743789256722,0.00021067189346016488,0.11559281760315922,0.0035212637276532638,0.030462651578769245,0.006492113186918447,0.2434308941987876,0.00013233608390651744,0.6281620283226834,-0.19287814389607513,2.8424900040021908,93.31065605540545,78.2231249125265,0.009779716686791355,50.870049297428714,1.2987294309572261,9.162935388383274e-06,1.3151582388633702,1.0664216518381683e-05,0.00015051613334098212,0.00017517712036830752
770.0,0.00679290852092896,0.00020303733775715364,0.11353969429499049,0.003393656368018244,0.029889602830892738,0.008330717098614326,0.22771966956887513,0.0001270172051936699,0.6255854543640198,-0.18878732599509657,2.8938903756228056,96.8192984027139,81.44375052254995,0.00945437796098062,50.870049297428714,1.298629038894385,9.163898543149679e-06,1.3150414039065528,1.0664310784901752e-05,0.00014955447450078565,0.00017404114502569216
775.0,0.006672558756230147,0.00019578663126674893,0.11152811479995137,0.0032724648348470193,0.029342061781613173,0.004430625311123593,0.2135403026456879,0.00012199569158538473,0.6231053202972375,-0.18486191966861595,2.946086098207515,100.40487679886361,84.73972800724746,0.009145651257385642,50.870049297428714,1.2985306501214435,9.164842350620226e-06,1.3149269112630741,1.066440321434743e-05,0.00014860491045170122,0.00017291979764187492
780.0,0.006554629207271783,0.0001888931668972139,0.10955698786723542,0.0031572444053742875,0.028818284135379253,0.008340352431296827,0.20070275845948793,0.00011724896503945996,0.6207157567709207,-0.18109125371023993,2.999091477118755,104.06905085084055,88.11262510320145,0.008852306909326889,50.870049297428714,1.2984342112680438,9.16576733034763e-06,1.314814698171899,1.0664493854238902e-05,0.00014766721697196636,0.0001718127976755407
785.0,0.006439052003307461,0.0001823327796833182,0.10762517907500037,0.0030475911756233562,0.028316711775221225,0.0044405113027098375,0.1935993864367238,0.00011275659527663327,0.6184109926502123,-0.17746484096830945,3.0529234087727573,107.81348600808387,91.56408094480469,0.008573230811689161,50.870049297428714,1.2983396707428452,9.166673984408243e-06,1.3147047039781339,1.0664582750567304e-05,0.0001467411752727114,0.00017071987170844672
790.0,0.006325764347717425,0.00017608339264450767,0.10573163881261365,0.0029431361411220835,0.027835907720471,0.003898065307577969,0.19359987015362135,0.00010850016700266983,0.6161862590966731,-0.17397409468368008,3.1075979930070883,111.63990138973296,95.0957111364656,0.008307419867404147,50.870049297428714,1.2982469786623227,9.167562798108552e-06,1.3145968700480886,1.0664669947853251e-05,0.00014582657183727046,0.0001696407532209398
795.0,0.006214704522584069,0.00017012512359122612,0.10387533549935013,0.0028435469821112428,0.027374611773254225,0.008329317647466139,0.1935999766590658,0.00010446297396459566,0.6140361385752618,-0.17060918170429398,3.1631322969203235,115.54985046439246,98.70916123873471,0.00805396368506505,50.870049297428714,1.298156086782894,9.168434240658247e-06,1.3144911396883414,1.0664755489203183e-05,0.00014492319826602798,0.00016857518237591013
800.0,0.006105823214907427,0.00016443982831935595,0.10205544489579552,0.00274852042829323,0.026931639278037812,0.0,0.19360062342820739,0.00010063000724809879,0.6119564115128293,-0.1673625370875808,3.2195384470365,119.54483772036728,102.40592268672272,0.0078120481609968715,50.870049297428714,1.2980669484361902,9.169288765811857e-06,1.314387458068586,1.0664839416362765e-05,0.00014403085112658974,0.00016752290581080058
