wvls,l_scat_mie,mu_scat_mie
0.4,0.46901495623882605,2.132128169257767
0.4004004004004004,0.47021449477467125,2.126689013445245
0.4008008008008008,0.47141474520950566,2.1212743346744087
0.40120120120120123,0.4726160611423869,2.115882387879167
0.40160160160160163,0.47381818263811626,2.1105141943523953
0.40200200200200203,0.475021320031249,2.105168668922514
0.40240240240240244,0.4762254590958688,2.099845736720032
0.40280280280280284,0.4774305553711341,2.0945454553545337
0.40320320320320324,0.478636632515507,2.089267582266808
0.40360360360360364,0.4798437815722905,2.08401158544418
0.40400400400400405,0.48105195566601494,2.0787775378971345
0.40440440440440445,0.48226127239678973,2.0735648023945634
0.40480480480480485,0.4834716026967044,2.068373808145519
0.40520520520520525,0.4846831850755649,2.063203409551116
0.4056056056056056,0.4858957981671835,2.058054430130979
0.406006006006006,0.487109689608217,2.0529256989412414
0.4064064064064064,0.48832474392693026,2.047817589496619
0.4068068068068068,0.48954099929980466,2.0427298253472332
0.4072072072072072,0.4907585431036732,2.037661929786822
0.4076076076076076,0.49197729748023505,2.03261411679301
0.408008008008008,0.49319744134515653,2.0275855391150857
0.4084084084084084,0.49441887652878436,2.022576498334366
0.4088088088088088,0.49564175890956075,2.017586254636928
0.4092092092092092,0.4968659596696405,2.0126152346296506
0.4096096096096096,0.49809160142041703,2.0076628418312645
0.41001001001001003,0.4993186234662893,2.0027292253951217
0.41041041041041043,0.5005471056740566,1.9978139692833912
0.41081081081081083,0.5017771582657065,1.9929165437827068
0.41121121121121124,0.5030086991224862,1.9880371885109143
0.41161161161161164,0.5042417812452717,1.9831756058183188
0.41201201201201204,0.5054764809088323,1.9783314115862096
0.41241241241241244,0.5067127845035686,1.9735045781008065
0.41281281281281285,0.5079506963346938,1.9686950076372962
0.41321321321321325,0.5091902374291806,1.9639025387620133
0.41361361361361365,0.510431556965356,1.9591265202042982
0.41401401401401405,0.5116745901294856,1.9543671295987899
0.41441441441441446,0.5129192806728772,1.9496245075602192
0.41481481481481486,0.5141658095474141,1.9448978936974308
0.41521521521521526,0.515414250263763,1.9401869457203609
0.41561561561561566,0.5166644483002715,1.9354921812209283
0.416016016016016,0.5179164809329257,1.9308132427041027
0.41641641641641647,0.5191704252807172,1.9261497791583497
0.4168168168168168,0.5204263563025736,1.9215014533556873
0.4172172172172172,0.5216842261593789,1.916868384850286
0.4176176176176176,0.5229440968360497,1.9122502884156545
0.418018018018018,0.524206021174547,1.9076469166824508
0.4184184184184184,0.5254699202997883,1.9030585031955498
0.4188188188188188,0.5267359401985076,1.8984844657137625
0.41921921921921923,0.5280040908319968,1.8939247202124148
0.41961961961961963,0.5292743635017653,1.8893792500808793
0.42002002002002004,0.5305468491209092,1.884847684341076
0.42042042042042044,0.5318214938811888,1.880330170001373
0.42082082082082084,0.5330983397123217,1.875826513621548
0.42122122122122124,0.5343775241893074,1.8713361897416596
0.42162162162162165,0.535659032278063,1.8668592140548383
0.42202202202202205,0.5369428153681267,1.8623957177160522
0.42242242242242245,0.5382289135520608,1.8579455224738197
0.42282282282282285,0.5395174554695481,1.853508148554135
0.42322322322322325,0.5408084053694593,1.8490836867020195
0.42362362362362366,0.5421018109565365,1.8446719413010333
0.42402402402402406,0.5433975487818872,1.8402732994318074
0.42442442442442446,0.5446959569998661,1.8358865843394647
0.42482482482482486,0.5459968163804417,1.8315125106942312
0.42522522522522527,0.5473003676417852,1.8271502434920932
0.42562562562562567,0.548606412586949,1.8228004213157267
0.4260260260260261,0.5499150831476598,1.818462578396829
0.4264264264264265,0.5512264538977762,1.8141364459722533
0.4268268268268268,0.5525404081628859,1.8098223862483656
0.4272272272272273,0.5538571582243494,1.8055196816557757
0.4276276276276276,0.5551765886273754,1.801228690987152
0.42802802802802803,0.5564989121798982,1.7969487057626667
0.42842842842842843,0.5578240064638174,1.7926801077265289
0.42882882882882883,0.5591518077288121,1.7884230832800931
0.42922922922922924,0.5604825780605814,1.784176777555273
0.42962962962962964,0.5618162352170812,1.7799414422646724
0.43003003003003004,0.563152750322565,1.7757171556513147
0.43043043043043044,0.5644922824797466,1.77150340409814
0.43083083083083085,0.5658347707963336,1.7673003703760364
0.43123123123123125,0.5671802019932177,1.763108085376996
0.43163163163163165,0.5685287474147389,1.758926007782866
0.43203203203203205,0.5698802109283695,1.7547547376157162
0.43243243243243246,0.5712348532809443,1.7505934630150812
0.43283283283283286,0.5725927012897287,1.746442100549943
0.43323323323323326,0.5739535408541445,1.7423012993557334
0.43363363363363366,0.5753176142235189,1.7381703171901948
0.43403403403403407,0.5766849201320497,1.7340491576769845
0.43443443443443447,0.578055348323802,1.7299381502129836
0.43483483483483487,0.5794291036680933,1.7258366790164146
0.4352352352352353,0.5808059939371601,1.7217453167471861
0.4356356356356357,0.5821864268617474,1.7176628548186188
0.4360360360360361,0.5835699754622997,1.7135905581979394
0.4364364364364365,0.58495695459167,1.7095274996739742
0.4368368368368369,0.5863472688709807,1.7054739624276123
0.4372372372372373,0.587741133448465,1.7014293250715335
0.43763763763763763,0.589138343967739,1.697394186338616
0.4380380380380381,0.5905390032580352,1.6933682525336118
0.43843843843843844,0.5919430810199362,1.6893516151535535
0.43883883883883884,0.5933507073056541,1.6853439082273947
0.43923923923923924,0.5947618738082838,1.6813451635643024
0.43963963963963965,0.5961765802757412,1.677355389467805
0.44004004004004005,0.5975948315169789,1.6733745796655002
0.44044044044044045,0.5990167870187081,1.669402296681827
0.44084084084084085,0.6004423069076691,1.6654389414198483
0.44124124124124126,0.6018714006207763,1.6614844948083425
0.44164164164164166,0.6033042283227068,1.657538523772953
0.44204204204204206,0.6047407944063312,1.6536010291511611
0.44244244244244246,0.6061809415869538,1.6496724515654453
0.44284284284284287,0.6076249671261649,1.6457519919394028
0.44324324324324327,0.6090726942329917,1.6418401439902095
0.44364364364364367,0.6105242436364006,1.637936593711343
0.4440440440440441,0.6119795653614607,1.6340414886391808
0.4444444444444445,0.6134387493084182,1.6301546016246695
0.4448448448448449,0.6149017092088466,1.6262761755641142
0.4452452452452453,0.6163684947992778,1.6224060905735505
0.4456456456456457,0.6178392930416198,1.6185438693563903
0.4460460460460461,0.6193139470535086,1.614689939985479
0.4464464464464465,0.6207924313896018,1.610844381207367
0.4468468468468469,0.6222750130854857,1.607006514758811
0.4472472472472473,0.6237614443992792,1.6031769981600286
0.4476476476476477,0.6252519287289434,1.5993553223144328
0.4480480480480481,0.6267464724994111,1.5955414890682766
0.44844844844844844,0.628245043908552,1.5917355969553197
0.4488488488488489,0.6297475695036319,1.5879378475223045
0.44924924924924925,0.6312540980613062,1.584148131586279
0.44964964964964965,0.6327648002246098,1.5803660374992956
0.45005005005005005,0.6342796353892243,1.5765916863882161
0.45045045045045046,0.63579851250529,1.5728253217510946
0.45085085085085086,0.6373216246546087,1.5690664827855823
0.45125125125125126,0.6388487758048604,1.5653156707393536
0.45165165165165166,0.6403802202842657,1.5615722789752917
0.45205205205205207,0.6419156466650743,1.5578370852856929
0.45245245245245247,0.6434553631921583,1.5541093558363348
0.45285285285285287,0.6449994485734907,1.5503889223651963
0.4532532532532533,0.646547571943365,1.546676599518026
0.4536536536536537,0.6481000240452297,1.542971706370762
0.4540540540540541,0.649656682356068,1.5392745540203858
0.4544544544544545,0.6512177005745264,1.535584796171489
0.4548548548548549,0.6527828096333992,1.5319030851342377
0.4552552552552553,0.6543523652983896,1.5282286013346837
0.4556556556556557,0.6559262962350044,1.5245615334222267
0.4560560560560561,0.6575044493114792,1.5209022555621834
0.4564564564564565,0.6590871216547551,1.5172500981195363
0.4568568568568569,0.6606739912006102,1.513605822718629
0.4572572572572573,0.6622651834876253,1.5099691557599229
0.4576576576576577,0.6638609168844931,1.5063396180829736
0.4580580580580581,0.6654609576409704,1.5027177605504547
0.4584584584584585,0.6670653381223366,1.4991035253230394
0.4588588588588589,0.6686743605013464,1.4954962520923314
0.45925925925925926,0.6702876805481539,1.4918967318364122
0.4596596596596597,0.6719054005167515,1.4883047512803385
0.46006006006006006,0.6735275203815757,1.4847203265480033
0.46046046046046046,0.675154305620333,1.481142890855444
0.46086086086086087,0.6767853563621622,1.4775733407932645
0.46126126126126127,0.6784210937414524,1.4740107718129147
0.46166166166166167,0.6800612657593342,1.4704557520761494
0.4620620620620621,0.6817058796092313,1.4669082809924154
0.4624624624624625,0.6833550136632671,1.463368205406574
0.4628628628628629,0.6850086265445573,1.459835630164803
0.4632632632632633,0.6866667443979236,1.4563105147560482
0.4636636636636637,0.6883296533596498,1.4527922705626972
0.4640640640640641,0.6899969353613381,1.4492817993116438
0.4644644644644645,0.6916688113914098,1.4457786494497697
0.4648648648648649,0.6933451780405683,1.44228305275888
0.4652652652652653,0.6950261857013899,1.4387947110091168
0.4656656656656657,0.696711652341056,1.4353140164081504
0.4660660660660661,0.6984018446803913,1.4318404334364676
0.4664664664664665,0.7000964936435953,1.428374529910272
0.4668668668668669,0.7017959767560116,1.4249155497049293
0.4672672672672673,0.703499929403825,1.4214642506751087
0.4676676676676677,0.7052084321500063,1.4180204807694188
0.4680680680680681,0.7069216156128898,1.4145839905220834
0.4684684684684685,0.7086394561122288,1.411154842388042
0.4688688688688689,0.710361771398448,1.407733411711272
0.46926926926926926,0.712088827575004,1.4043191822085854
0.4696696696696697,0.713820526100746,1.4009123630312414
0.47007007007007007,0.7155568069301343,1.3975130839579004
0.4704704704704705,0.7172978531751784,1.3941209994891484
0.4708708708708709,0.7190434725532479,1.3907364967087525
0.47127127127127133,0.7207937115070868,1.387359495560982
0.4716716716716717,0.722548650801593,1.383989851604599
0.4720720720720721,0.7243084030293229,1.3806273623468042
0.4724724724724725,0.7260724786789791,1.377272971176936
0.4728728728728729,0.7278414668581933,1.3739255669460666
0.4732732732732733,0.729615141108109,1.370585591852222
0.4736736736736737,0.7313932952171665,1.3672534415332294
0.4740740740740741,0.7331761701156134,1.363928671934757
0.4744744744744745,0.7349638159130842,1.3606112006448199
0.4748748748748749,0.7367560853818527,1.357301310218172
0.4752752752752753,0.7385530630848093,1.3539988525985822
0.4756756756756757,0.7403546314009717,1.3507040512567632
0.4760760760760761,0.7421609024395144,1.3474167080385906
0.4764764764764765,0.7439720020938356,1.3441366035087328
0.4768768768768769,0.7457876256518536,1.3408642964891684
0.4772772772772773,0.7476079140019601,1.3375995374995162
0.4776776776776777,0.7494327941255473,1.3343424625110238
0.4780780780780781,0.7512624185077043,1.3310928050765325
0.4784784784784785,0.7530969444284864,1.327850295235077
0.4788788788788789,0.7549358559382425,1.3246158493256213
0.4792792792792793,0.7567795315760923,1.321388803840095
0.4796796796796797,0.7586278982998472,1.3181692925360236
0.4800800800800801,0.7604808766451577,1.314957457459647
0.48048048048048053,0.7623386070178426,1.3117530593286546
0.4808808808808809,0.7642009931921155,1.3085562684535874
0.48128128128128134,0.7660679260998488,1.3053672734885662
0.4816816816816817,0.7679397458693299,1.3021854974676057
0.48208208208208214,0.7698160844147717,1.2990115694454714
0.4824824824824825,0.7716970185767795,1.2958453589004058
0.4828828828828829,0.7735826073453619,1.2926867673920637
0.4832832832832833,0.7754728905411122,1.2895357300011048
0.4836836836836837,0.7773678852332842,1.2863922204605933
0.4840840840840841,0.7792673472593351,1.2832566429441403
0.4844844844844845,0.7811717174520022,1.280128270979605
0.4848848848848849,0.7830804570315039,1.2770079894354576
0.4852852852852853,0.7849939504995146,1.2738951674260302
0.4856856856856857,0.7869120725420538,1.2707900093203341
0.4860860860860861,0.7888346622140197,1.267692772517505
0.4864864864864865,0.7907620062617503,1.264602993165291
0.4868868868868869,0.7926938685492766,1.2615210482580346
0.4872872872872873,0.794630460335124,1.2584465986595383
0.4876876876876877,0.7965714606702298,1.2553801502737831
0.4880880880880881,0.7985172415904221,1.2523211120755273
0.4884884884884885,0.8004673895381382,1.2492701302635079
0.48888888888888893,0.8024221841406225,1.2462267616279568
0.48928928928928933,0.8043816091324982,1.24319102854486
0.48968968968968973,0.8063455951584166,1.2401630343172365
0.49009009009009014,0.8083142702238696,1.2371425778775889
0.49049049049049054,0.8102874542940236,1.23412993092836
0.4908908908908909,0.8122649057772374,1.2311254529002742
0.49129129129129134,0.8142470857259525,1.2281284361103204
0.4916916916916917,0.8162338865889063,1.225139039716991
0.49209209209209215,0.8182251341966923,1.2221575190082232
0.4924924924924925,0.820220844014214,1.21918384212956
0.49289289289289295,0.8222209626276058,1.216218079388609
0.4932932932932933,0.8242256257324476,1.2132600210183353
0.4936936936936937,0.8262348980617017,1.2103095649263194
0.4940940940940941,0.8282485076120424,1.207367101551612
0.4944944944944945,0.8302668922894916,1.2044319836028425
0.4948948948948949,0.832289357740565,1.201505210537262
0.4952952952952953,0.8343164481409384,1.1985859828464909
0.4956956956956957,0.8363480972191002,1.1956743888400663
0.4960960960960961,0.8383838842056147,1.1927710191465808
0.4964964964964965,0.8404243718469326,1.1898750601465553
0.4968968968968969,0.8424692293204038,1.1869869725766387
0.4972972972972973,0.8445183003117884,1.184106963260369
0.4976976976976977,0.8465718773059047,1.1812346084332008
0.49809809809809813,0.8486298865026981,1.1783700007562963
0.49849849849849853,0.8506921545345957,1.1755133683430865
0.49889889889889893,0.8527589563867537,1.172664317988667
0.49929929929929934,0.8548299136388903,1.1698233578924973
0.49969969969969974,0.8569053715836192,1.1669900004850386
0.5001001001001001,0.8589850146289736,1.1641646629096736
0.5005005005005005,0.8610692538908792,1.161346773771494
0.5009009009009009,0.8631575497801869,1.1585370483692827
0.5013013013013013,0.8652500885310175,1.1557352183549092
0.5017017017017017,0.8673472265311163,1.1529407939648548
0.5021021021021022,0.869448352082805,1.1501545751446332
0.5025025025025025,0.8715538673877229,1.1473760113041138
0.502902902902903,0.8736634831235339,1.1446054680284747
0.5033033033033033,0.8757776453568066,1.1418423446885118
0.5037037037037038,0.8778958101840955,1.1390873363324279
0.5041041041041041,0.8800181676434566,1.1363401765645758
0.5045045045045046,0.8821447782421873,1.1336007701509698
0.5049049049049049,0.8842755687375436,1.1308691943481748
0.5053053053053054,0.8864106218431104,1.1281453260574694
0.5057057057057057,0.888549882763104,1.1254292183240429
0.5061061061061062,0.8906931533183561,1.1227211035297753
0.5065065065065065,0.8928406844039511,1.1200206458642585
0.506906906906907,0.8949922854950069,1.1173280666289933
0.5073073073073073,0.8971479143056497,1.1146433983229544
0.5077077077077077,0.8993076783273783,1.1119664872203685
0.5081081081081081,0.9014718360853472,1.109296996279454
0.5085085085085086,0.9036395823564388,1.1066358972371266
0.5089089089089089,0.9058117725170453,1.1039821189574817
0.5093093093093093,0.9079878878127509,1.101336277082833
0.5097097097097097,0.910167855233773,1.0986984370516513
0.5101101101101101,0.9123520514750602,1.0960681223692472
0.5105105105105106,0.9145403815812163,1.0934454291357
0.5109109109109109,0.9167325794060471,1.0908306549418174
0.5113113113113114,0.9189288259979366,1.0882235617258191
0.5117117117117117,0.9211288170923865,1.0856244875245316
0.5121121121121122,0.9233330099273178,1.0830328703169805
0.5125125125125125,0.9255410578131921,1.0804490968371891
0.512912912912913,0.9277530600492507,1.0778730279228763
0.5133133133133133,0.929968932825301,1.075304738365765
0.5137137137137138,0.9321887230366794,1.072744150714911
0.5141141141141141,0.9344122891755378,1.0701914043557073
0.5145145145145146,0.9366399394896368,1.0676461229540215
0.5149149149149149,0.938871144799021,1.0651088869219263
0.5153153153153154,0.9411064700206196,1.0625790299561855
0.5157157157157157,0.9433456366016624,1.0600568457627377
0.5161161161161162,0.945588486591428,1.0575424872237074
0.5165165165165165,0.9478349834958125,1.0550359687208337
0.516916916916917,0.950085542662277,1.0525368033681004
0.5173173173173173,0.9523397134788698,1.0500454678583429
0.5177177177177177,0.9545978231169273,1.04756157596801
0.5181181181181181,0.9568596548793601,1.0450853423494786
0.5185185185185186,0.9591251067590103,1.0426168525387793
0.518918918918919,0.9613941903084808,1.0401560671789911
0.5193193193193193,0.9636670330289743,1.0377028223709437
0.5197197197197198,0.9659435383482476,1.0352571970303652
0.5201201201201201,0.9682240616363622,1.0328187860875244
0.5205205205205206,0.9705077064005079,1.0303885207762804
0.5209209209209209,0.9727953890223869,1.0279653987720403
0.5213213213213214,0.9750864258234733,1.0255501189604674
0.5217217217217217,0.9773812664316763,1.0231421803805412
0.5221221221221222,0.9796794323220409,1.0207420580728077
0.5225225225225225,0.9819815880992159,1.0183490323231636
0.522922922922923,0.9842871112905571,1.0159637249428581
0.5233233233233233,0.9865961751987663,1.0135859282026238
0.5237237237237238,0.988908703274124,1.0112156933083454
0.5241241241241241,0.9912247167562661,1.0088529705680167
0.5245245245245246,0.9935443359477903,1.0064976104423677
0.5249249249249249,0.9958674223028201,1.0041497267654602
0.5253253253253254,0.9981939303279921,1.0018093374615236
0.5257257257257257,1.000523907922519,0.9994763664132655
0.5261261261261262,1.0028574963768295,0.9971506456429221
0.5265265265265265,1.0051942052852048,0.9948326350690303
0.526926926926927,1.0075347185253427,0.9925216288959543
0.5273273273273273,1.0098783572133594,0.9902182702076936
0.5277277277277277,1.0122256197565418,0.9879220407803131
0.5281281281281281,1.0145759939178358,0.9856334133616252
0.5285285285285286,1.0169297830620807,0.9833520629014293
0.528928928928929,1.0192870057144592,0.9810779440860818
0.5293293293293293,1.021647392269788,0.9788112880886486
0.5297297297297298,1.024011121514136,0.976551893812801
0.5301301301301302,1.0263780790568606,0.9742998417492514
0.5305305305305306,1.028748602772158,0.9720547831659849
0.5309309309309309,1.0311223555418927,0.9698170101980412
0.5313313313313314,1.0334990700269817,0.9675867439086258
0.5317317317317318,1.0358793093680894,0.9653634269517589
0.5321321321321322,1.0382625702208998,0.9631475011058531
0.5325325325325325,1.0406487957746038,0.9609389873513023
0.532932932932933,1.0430387676032293,0.9587371352436622
0.5333333333333333,1.045431413225979,0.9565429040573907
0.5337337337337338,1.0478276513510212,0.9543554216293544
0.5341341341341341,1.0502269193251736,0.9521751743352312
0.5345345345345346,1.0526291016181397,0.9500022357948907
0.5349349349349349,1.0550345344823233,0.9478362720047574
0.5353353353353354,1.0574432253649588,0.9456772486814757
0.5357357357357357,1.0598548455554848,0.943525431047009
0.5361361361361362,1.0622695155251938,0.9413806810652876
0.5365365365365365,1.0646870148604428,0.9392431635235808
0.536936936936937,1.0671079740579437,0.937112292580151
0.5373373373373374,1.0695318820697388,0.934988490539261
0.5377377377377377,1.0719586738786253,0.9328717835564871
0.5381381381381382,1.0743883336634454,0.9307621543043041
0.5385385385385386,1.0768213004631095,0.9286591930991048
0.538938938938939,1.0792568426983173,0.9265635022520105
0.5393393393393393,1.0816954922510293,0.924474593047421
0.5397397397397398,1.084137421231064,0.9223922912507495
0.5401401401401402,1.0865820227411624,0.9203170852001227
0.5405405405405406,1.0890295490955866,0.9182487296423467
0.5409409409409409,1.0914798801509822,0.9161872959689116
0.5413413413413414,1.0939333493604173,0.9141324748757895
0.5417417417417418,1.09638949386083,0.91208462466983
0.5421421421421422,1.0988482999159568,0.9100437249404517
0.5425425425425425,1.101310207156233,0.9080093814640718
0.542942942942943,1.1037748473259696,0.9059818697831564
0.5433433433433433,1.1062423023891241,0.9039610922854104
0.5437437437437438,1.1087126836015113,0.9019469288938121
0.5441441441441441,1.111185703217444,0.8999395844497412
0.5445445445445446,1.1136619533203238,0.8979385503999245
0.5449449449449449,1.116140335240143,0.8959446840390777
0.5453453453453454,1.1186219187514208,0.8939570942040688
0.5457457457457457,1.1211060736526293,0.8919762576452213
0.5461461461461462,1.1235926157670795,0.8900022890567837
0.5465465465465466,1.1260822500750716,0.888034599544868
0.546946946946947,1.1285743910871444,0.8860736234114882
0.5473473473473474,1.1310693410605126,0.8841190930543485
0.5477477477477478,1.1335669761611387,0.8821710768132399
0.5481481481481482,1.1360671826306104,0.8802296336775249
0.5485485485485486,1.1385703002902043,0.8782944713603675
0.548948948948949,1.1410757869611166,0.876365979741954
0.5493493493493493,1.1435839970745234,0.8744438559460127
0.5497497497497498,1.1460948438363914,0.8725281379441867
0.5501501501501502,1.1486082434444906,0.8706188604403199
0.5505505505505506,1.151124111081486,0.8687160579587684
0.5509509509509509,1.1536423618743106,0.8668197641211012
0.5513513513513514,1.156163363515456,0.8649296730518927
0.5517517517517518,1.1586870277009345,0.8630458234992058
0.5521521521521522,1.1612132599869314,0.861168257767961
0.5525525525525525,1.163741957239156,0.8592970235191871
0.552952952952953,1.166273005999916,0.8574321748471232
0.5533533533533534,1.1688067475598032,0.8555734316967005
0.5537537537537538,1.1713430485567216,0.8537208644659282
0.5541541541541541,1.173881291629897,0.8518748932539265
0.5545545545545546,1.1764227169921608,0.8500345883805842
0.554954954954955,1.1789662054158294,0.8482007333257642
0.5553553553553554,1.1815120245859059,0.8463731042859917
0.5557557557557558,1.184060425422188,0.8445514929218587
0.5561561561561562,1.186611163700775,0.8427360458005666
0.5565565565565566,1.189164446734996,0.8409265873577273
0.556956956956957,1.1917199790029307,0.8391232987775065
0.5573573573573574,1.1942779155929906,0.8373260419066475
0.5577577577577578,1.196838385817966,0.8355346986273012
0.5581581581581582,1.199401003573946,0.833749510814335
0.5585585585585586,1.2019663208779492,0.8319700665735563
0.558958958958959,1.2045338841329973,0.8301966538033778
0.5593593593593593,1.207103198795428,0.8284295833180653
0.5597597597597598,1.2096752026422453,0.8266681815215687
0.5601601601601602,1.2122498197929787,0.8249124756898495
0.5605605605605606,1.2148264351115021,0.8231628577527749
0.5609609609609609,1.2174053787236125,0.8214190749251076
0.5613613613613614,1.2199864405712275,0.8196812413191867
0.5617617617617618,1.222570364465246,0.8179488306486159
0.5621621621621622,1.2251558438862316,0.8162226911704307
0.5625625625625625,1.2277440285964778,0.8145020270578482
0.562962962962963,1.2303340063843067,0.8127874177344655
0.5633633633633635,1.23292683259745,0.8110781382649164
0.5637637637637638,1.2355214809571908,0.8093748392179096
0.5641641641641642,1.2381183900273922,0.8076772044213607
0.5645645645645646,1.2407174318222556,0.805985290729162
0.564964964964965,1.2433189316306121,0.804298860541358
0.5653653653653654,1.24592212188836,0.802618383951934
0.5657657657657658,1.2485277178423035,0.8009433717083932
0.5661661661661662,1.2511358572650126,0.7992737113186121
0.5665665665665666,1.253745566736019,0.7976099988160947
0.566966966966967,1.2563578874774233,0.7959515437180474
0.5673673673673674,1.2589722249593847,0.7942986987121664
0.5677677677677678,1.2615884304843883,0.7926515302744563
0.5681681681681682,1.2642073389126622,0.7910094880955956
0.5685685685685686,1.2668275908623494,0.789373397937508
0.568968968968969,1.2694503985437495,0.7877424759148922
0.5693693693693694,1.2720753034566699,0.7861169832341317
0.5697697697697698,1.2747022951245042,0.7844969008252447
0.5701701701701702,1.2773312781559147,0.782882261713423
0.5705705705705706,1.2799626110155957,0.7812728210916589
0.5709709709709709,1.282595481542231,0.7796690495101154
0.5713713713713714,1.2852311576112843,0.7780701503211208
0.5717717717717719,1.2878680961743034,0.7764770343877339
0.5721721721721722,1.2905073839626011,0.7748890184025324
0.5725725725725725,1.293148925003911,0.7733061371852246
0.572972972972973,1.2957925241912716,0.7717284837895779
0.5733733733733735,1.2984378829601468,0.7701562108772
0.5737737737737738,1.30108515446503,0.768589201535523
0.5741741741741742,1.303734948254436,0.7670270719818433
0.5745745745745746,1.3063866555172077,0.7654701583001803
0.5749749749749751,1.3090401144982275,0.7639185300164107
0.5753753753753754,1.3116956151869594,0.7623719927259704
0.5757757757757758,1.314352774248286,0.7608307446773012
0.5761761761761762,1.317012225716862,0.7592943941395007
0.5765765765765766,1.3196739269056799,0.7577629440211501
0.576976976976977,1.3223371454720014,0.7562367913691596
0.5773773773773774,1.3250027410066785,0.7547154198641463
0.5777777777777778,1.327669735972272,0.7531993634453718
0.5781781781781782,1.3303393278246467,0.7516879183262114
0.5785785785785786,1.3330102856507278,0.7501817583589281
0.578978978978979,1.3356835615297564,0.7486803227964425
0.5793793793793794,1.3383588236253159,0.7471837763890724
0.5797797797797798,1.3410356047767422,0.7456923562939118
0.5801801801801802,1.343715060712114,0.7442053968421258
0.5805805805805806,1.3463958691381028,0.7427236096915176
0.5809809809809809,1.3490783274996987,0.741246805034175
0.5813813813813814,1.3517631914899397,0.7397745450501434
0.5817817817817819,1.354449894519982,0.7383071194039265
0.5821821821821822,1.3571383163083095,0.7368445706552609
0.5825825825825826,1.359828789288932,0.7353866956463762
0.582982982982983,1.3625215033364433,0.7339333709972818
0.5833833833833835,1.3652152931581756,0.7324852021593482
0.5837837837837838,1.367911855793535,0.73104125515448
0.5841841841841842,1.3706097177089909,0.7296022982177053
0.5845845845845846,1.3733096698757936,0.7281678866285439
0.5849849849849851,1.376011131092476,0.7267383071284138
0.5853853853853854,1.378715196594938,0.7253129598264643
0.5857857857857858,1.3814203476402065,0.7238926237826431
0.5861861861861862,1.3841279737884273,0.7224765476438931
0.5865865865865866,1.3868368352470268,0.7210653586525754
0.586986986986987,1.389547996075926,0.719658480904577
0.5873873873873874,1.3922611165393104,0.7182560714513534
0.5877877877877878,1.3949756794457824,0.7168583759089588
0.5881881881881882,1.3976928714154808,0.71546476371971
0.5885885885885886,1.4004111963141643,0.7140759818487361
0.588988988988989,1.4031314893521676,0.7126915813582836
0.5893893893893895,1.405853781439604,0.7113115269896654
0.5897897897897898,1.4085779214821061,0.7099358755728612
0.5901901901901903,1.4113035701292125,0.7085647773911921
0.5905905905905906,1.4140314792266329,0.7071978344830934
0.5909909909909911,1.4167609334712792,0.705835385755484
0.5913913913913914,1.4194923085618714,0.7044772232778977
0.5917917917917919,1.422225142953911,0.7031235560377139
0.5921921921921922,1.4249600724184073,0.7017740492214807
0.5925925925925926,1.4276968913020502,0.7004287857543813
0.592992992992993,1.4304358444891234,0.6990876269303413
0.5933933933933935,1.4331763214176123,0.6977508524637498
0.5937937937937938,1.4359188162126175,0.6964182018574018
0.5941941941941942,1.4386629610738788,0.6950898348377286
0.5945945945945946,1.4414088370100229,0.6937656925111848
0.5949949949949951,1.4441563154667274,0.6924458171806814
0.5953953953953954,1.4469057182573914,0.6911300352066955
0.5957957957957958,1.4496571564880596,0.6898182756691249
0.5961961961961962,1.4524105250169315,0.6885105710648458
0.5965965965965967,1.455165496605082,0.6872070581202012
0.596996996996997,1.4579221927719506,0.6859076602014665
0.5973973973973974,1.4606811903547001,0.684612088252583
0.5977977977977978,1.4634414867743728,0.6833207948779272
0.5981981981981982,1.466203882389012,0.6820333870420627
0.5985985985985987,1.4689682745503454,0.6807498959132404
0.598998998998999,1.4717336377785182,0.6794707780882361
0.5993993993993995,1.4745014513287413,0.6781953311058825
0.5997997997997998,1.4772709047754669,0.6769239120376448
0.6002002002002003,1.480042322089097,0.6756563546024065
0.6006006006006006,1.4828157880676982,0.6743926036174258
0.6010010010010011,1.4855904470584647,0.6731330306949971
0.6014014014014014,1.4883672845116815,0.6718771706461487
0.6018018018018019,1.4911456436362085,0.670625303616531
0.6022022022022022,1.4939260179758889,0.6693771900129927
0.6026026026026026,1.4967086512470813,0.6681327051639504
0.603003003003003,1.4994921179813885,0.6668924684620529
0.6034034034034035,1.5022782697113057,0.6656556379479356
0.6038038038038038,1.5050658678239877,0.664422748119185
0.6042042042042042,1.5078555407265735,0.6631935042783615
0.6046046046046046,1.5106462248212744,0.6619683573619698
0.6050050050050051,1.5134394531549769,0.6607466178546884
0.6054054054054054,1.5162343425289408,0.6595286572470658
0.6058058058058058,1.5190311747021246,0.6583143365679086
0.6062062062062062,1.5218299589596187,0.6571036363902564
0.6066066066066067,1.5246304285348566,0.6558966561889904
0.607007007007007,1.5274327642034142,0.6546933020135386
0.6074074074074074,1.5302361336204853,0.6534939138014176
0.6078078078078079,1.5330423530443813,0.6522976994172125
0.6082082082082082,1.535850021640256,0.6511052419897229
0.6086086086086087,1.5386596537864252,0.6499163070527914
0.609009009009009,1.541470735992941,0.6487310959918083
0.6094094094094095,1.544283944069748,0.6475493084287579
0.6098098098098098,1.54709891847238,0.6463710807757589
0.6102102102102103,1.5499157473803917,0.6451963609571435
0.6106106106106106,1.5527349694088666,0.6440249106907824
0.6110110110110111,1.5555553181827666,0.6428572409550961
0.6114114114114114,1.558377475947593,0.6416930528285107
0.6118118118118119,1.5612018252625004,0.6405321745200112
0.6122122122122122,1.5640284422442172,0.6393745618622539
0.6126126126126127,1.5668563267500597,0.6382206095910394
0.613013013013013,1.5696864498259497,0.6370699066115288
0.6134134134134135,1.5725179380483918,0.6359227935047101
0.6138138138138138,1.575351129506774,0.6347791176644471
0.6142142142142142,1.5781868167731445,0.6336385460655792
0.6146146146146146,1.5810239252217269,0.6325014973190601
0.6150150150150151,1.5838633725809883,0.6313675897248938
0.6154154154154154,1.5867041977261092,0.6302371931914534
0.6158158158158158,1.5895474423731764,0.6291098795434575
0.6162162162162163,1.592392255573426,0.6279859729912443
0.6166166166166167,1.5952390130914063,0.6268653109618381
0.617017017017017,1.5980877552159554,0.6257478644311785
0.6174174174174174,1.60093818016002,0.6246337381372503
0.6178178178178179,1.603790431856785,0.6235228619254525
0.6182182182182183,1.606645105507102,0.6224149916943681
0.6186186186186187,1.609500853286398,0.6213106367468685
0.619019019019019,1.6123591672904072,0.6202092066623806
0.6194194194194195,1.6152195936730012,0.6191108651214446
0.6198198198198198,1.6180813133765586,0.6180159128797014
0.6202202202202203,1.62094556762145,0.6169238622043208
0.6206206206206206,1.62381081192186,0.615835288605112
0.6210210210210211,1.6266791921650845,0.6147493647281587
0.6214214214214214,1.6295484244277267,0.6136669429453655
0.6218218218218219,1.6324207465076863,0.6125871667211695
0.6222222222222222,1.6352939368689297,0.6115108589680724
0.6226226226226227,1.638169495604083,0.6104374441615671
0.623023023023023,1.641046908657659,0.6093671026247376
0.6234234234234235,1.6439261037378272,0.6082998485919047
0.6238238238238238,1.6468082894688245,0.6072352236716931
0.6242242242242242,1.6496909606759524,0.6061741403918799
0.6246246246246246,1.652577058530329,0.6051155041988303
0.6250250250250251,1.6554641258044767,0.6040602054810748
0.6254254254254255,1.658353495124396,0.6030077440907665
0.6258258258258258,1.6612444280187304,0.6019583771863373
0.6262262262262263,1.6641383204124787,0.6009115875368682
0.6266266266266267,1.6670336329335356,0.5998679212250002
0.6270270270270271,1.6699309599243182,0.5988271515400375
0.6274274274274274,1.672830497076349,0.597789197260408
0.6278278278278279,1.6757311738012068,0.5967544291317401
0.6282282282282283,1.6786349365436761,0.5957221419798451
0.6286286286286287,1.681540749829427,0.5946926948403948
0.629029029029029,1.684448013271438,0.5936662883752984
0.6294294294294295,1.6873574361768375,0.5926426603872201
0.6298298298298298,1.6902684408441453,0.5916220026569182
0.6302302302302303,1.6931826390253575,0.5906037405247833
0.6306306306306306,1.6960977262399606,0.589588668464804
0.6310310310310311,1.699015334126831,0.5885762064142444
0.6314314314314314,1.7019357985901027,0.5875662294831615
0.6318318318318319,1.7048572533118054,0.5865593720866832
0.6322322322322322,1.7077809179566823,0.5855552017740515
0.6326326326326327,1.7107075847531665,0.584553437953154
0.633033033033033,1.7136349323669646,0.5835548640565738
0.6334334334334335,1.7165655343337867,0.5825585915588759
0.6338338338338338,1.7194979532607872,0.5815651005013643
0.6342342342342343,1.7224320821272476,0.5805744158950955
0.6346346346346347,1.7253691624695757,0.5795861093104667
0.6350350350350351,1.7283072749104669,0.5786008162534663
0.6354354354354355,1.7312485567880196,0.5776178100360685
0.6358358358358358,1.7341910615157532,0.5766377316729793
0.6362362362362363,1.7371360086721404,0.5756601642057929
0.6366366366366367,1.7400832449782189,0.5746851496248487
0.6370370370370371,1.7430330620090302,0.5737125828510643
0.6374374374374374,1.7459843566687083,0.5727428176435517
0.6378378378378379,1.7489383088016577,0.5717754565540867
0.6382382382382383,1.7518937760927744,0.5708108640184149
0.6386386386386387,1.754851909033128,0.5698486549505882
0.639039039039039,1.757811518888776,0.5688892064105732
0.6394394394394395,1.76077465563347,0.5679318456797257
0.6398398398398399,1.7637391478550715,0.5669772660067821
0.6402402402402403,1.7667060671655224,0.5660251122612521
0.6406406406406406,1.769675055919613,0.5650754903590757
0.6410410410410411,1.7726461979384163,0.5641283642291383
0.6414414414414414,1.7756200226147385,0.5631835568780207
0.6418418418418419,1.7785956078036957,0.5622413524538347
0.6422422422422422,1.78157342067231,0.5613015935221077
0.6426426426426427,1.7845534206206175,0.5603642841088098
0.643043043043043,1.787536012347857,0.5594292887484488
0.6434434434434435,1.7905210860832417,0.558496634176756
0.6438438438438439,1.793508011136695,0.5575665086470492
0.6442442442442443,1.796497562329761,0.5566386623442812
0.6446446446446447,1.7994890241645893,0.5557133089290438
0.6450450450450451,1.8024830936755623,0.554790224390307
0.6454454454454455,1.8054789645303484,0.5538696487998828
0.6458458458458458,1.808477247073565,0.5529513858237234
0.6462462462462463,1.8114780184048505,0.5520354041505726
0.6466466466466467,1.814481802102955,0.5511215372019803
0.6470470470470471,1.8174866056841414,0.5502103822237404
0.6474474474474474,1.8204948247662873,0.5493012044834451
0.6478478478478479,1.8235043523460146,0.5483946329568439
0.6482482482482483,1.8265174925606225,0.5474899660545188
0.6486486486486487,1.8295320184921593,0.5465878650345608
0.649049049049049,1.8325491303675483,0.5456879618826008
0.6494494494494495,1.8355694804041678,0.5447900559884082
0.64984984984985,1.8385911441892022,0.5438947115352221
0.6502502502502503,1.841615656248608,0.5430014653747087
0.6506506506506506,1.8446419661975053,0.542110620014448
0.6510510510510511,1.847671490936853,0.5412217512177745
0.6514514514514516,1.8507030456417946,0.5403351998338641
0.6518518518518519,1.8537379210413931,0.5394505817943347
0.6522522522522523,1.8567737627854422,0.5385685752581124
0.6526526526526527,1.859812747109465,0.5376885396415352
0.6530530530530532,1.8628544218052658,0.536810600063377
0.6534534534534535,1.8658977388882025,0.5359350510794076
0.6538538538538539,1.868944155477294,0.5350614661595484
0.6542542542542542,1.871993507791291,0.534189886790724
0.6546546546546547,1.8750450264143987,0.5333205261274577
0.6550550550550551,1.8780983780873353,0.5324534708444852
0.6554554554554555,1.8811547166115214,0.5315883862021067
0.6558558558558558,1.884213545674605,0.530725406520719
0.6562562562562563,1.8872748055460833,0.5298645417515918
0.6566566566566567,1.8903388783184634,0.5290056780134271
0.6570570570570571,1.8934055300736565,0.5281488746687554
0.6574574574574574,1.8964739017635812,0.5272943640669526
0.6578578578578579,1.8995457017538655,0.5264416639603312
0.6582582582582583,1.9026198873403222,0.5255910582317642
0.6586586586586587,1.905695844954715,0.5247427088889743
0.659059059059059,1.9087755503530655,0.5238960651057325
0.6594594594594595,1.9118571224622498,0.5230516382480068
0.65985985985986,1.914941267030493,0.5222092276233119
0.6602602602602603,1.9180280524560345,0.5213688083026211
0.6606606606606606,1.9211179892130814,0.5205302358391922
0.6610610610610611,1.9242098509142178,0.5196938366804882
0.6614614614614616,1.927305028009868,0.5188592285428728
0.6618618618618619,1.930402072811638,0.5180267956009269
0.6622622622622623,1.9335021649280641,0.5171962142784593
0.6626626626626627,1.936604729574464,0.5163676328621448
0.6630630630630632,1.939710733352952,0.5155407880181271
0.6634634634634635,1.9428182607863438,0.5147161832807028
0.6638638638638639,1.9459291599637847,0.5138933217993459
0.6642642642642643,1.9490423856091785,0.5130724746591118
0.6646646646646647,1.9521584439532391,0.512253502320713
0.6650650650650651,1.9552771629947532,0.5114364443700524
0.6654654654654655,1.9583988083187758,0.5106212257443461
0.6658658658658658,1.9615229595003112,0.50980795058078
0.6662662662662663,1.9646507636637793,0.5089963155258952
0.6666666666666667,1.9677804138351365,0.5081867839364426
0.6670670670670671,1.9709127999011138,0.5073791189798822
0.6674674674674674,1.9740481193000414,0.5065732644625605
0.6678678678678679,1.9771858661914767,0.5057693447537304
0.6682682682682684,1.9803271174494932,0.5049670790187037
0.6686686686686687,1.9834699446061326,0.5041669538373443
0.669069069069069,1.9866163039159024,0.5033684652788051
0.6694694694694695,1.9897662948148984,0.5025715847161975
0.66986986986987,1.9929181349349516,0.5017767576452105
0.6702702702702703,1.9960727894514787,0.5009837343029961
0.6706706706706707,1.99923050671591,0.5001924473644997
0.6710710710710711,2.002390805037346,0.49940301238116674
0.6714714714714716,2.0055536355850268,0.4986154357862868
0.6718718718718719,2.008720566341782,0.49782932318016143
0.6722722722722723,2.01188889679694,0.4970453396268879
0.6726726726726727,2.0150610729945493,0.49626287431274546
0.6730730730730732,2.018236442245427,0.49548208478855493
0.6734734734734735,2.0214135937214865,0.4947033121306799
0.6738738738738739,2.024593927186999,0.49392620740960874
0.6742742742742743,2.0277780989533243,0.49315060682239775
0.6746746746746748,2.030963607288196,0.49237711419912156
0.6750750750750751,2.034153178488644,0.49160506228099804
0.6754754754754755,2.0373451768026567,0.49083484300356384
0.6758758758758758,2.0405408076174734,0.4900661610230651
0.6762762762762763,2.043739300019418,0.4892991977942092
0.6766766766766767,2.0469403112373374,0.4885340302842141
0.6770770770770771,2.0501439337792418,0.4877706308925329
0.6774774774774774,2.0533519211954934,0.48700857835308836
0.6778778778778779,2.056561574832864,0.4862485092775643
0.6782782782782784,2.0597742962343917,0.4854900858934717
0.6786786786786787,2.062990705190673,0.48473315826576857
0.679079079079079,2.0662106288118687,0.48397776395866726
0.6794794794794795,2.069431845398182,0.48322441844301894
0.67987987987988,2.072657525505541,0.48247237553444366
0.6802802802802803,2.0758863196241104,0.48172194717342437
0.6806806806806807,2.0791172996501124,0.48097334391296087
0.6810810810810811,2.0823512193644853,0.4802263857800083
0.6814814814814816,2.085589276926391,0.4794807928211717
0.6818818818818819,2.0888293364395896,0.4787370526423668
0.6822822822822823,2.092073470125346,0.477994685310973
0.6826826826826827,2.095320402147034,0.47725397937963066
0.6830830830830832,2.098570554179644,0.47651483435157216
0.6834834834834835,2.1018235107869083,0.4757773404226537
0.6838838838838839,2.105079288516585,0.47504148915202316
0.6842842842842843,2.108338341498215,0.47430717371927406
0.6846846846846848,2.1116015632302623,0.473574190042856
0.6850850850850851,2.1148664268937782,0.47284310123961615
0.6854854854854855,2.1181346904357192,0.47211350841635624
0.685885885885886,2.1214072718350154,0.4713852041880675
0.6862862862862863,2.1246829333222705,0.4706584612304224
0.6866866866866868,2.127960861751637,0.46993345506216083
0.6870870870870871,2.1312419752096634,0.46920997785886037
0.6874874874874874,2.1345276392179175,0.46848772610243455
0.6878878878878879,2.1378157251558823,0.4677671645095058
0.6882882882882884,2.141105836236055,0.46704837429145696
0.6886886886886887,2.144400647777693,0.4663307675439896
0.6890890890890891,2.1476980007213315,0.4656148116095174
0.6894894894894895,2.151000131153348,0.46490001814356396
0.68988988988989,2.1543044092169175,0.4641869532094105
0.6902902902902903,2.157611280528052,0.46347551527226943
0.6906906906906907,2.1609216310876107,0.46276550968518526
0.6910910910910911,2.1642367903607593,0.46205664946362396
0.6914914914914916,2.1675544988500266,0.4613494149884303
0.6918918918918919,2.1708742568010444,0.46064390734154237
0.6922922922922923,2.1741986999294487,0.45993956303646455
0.6926926926926927,2.17752685586653,0.4592365863621267
0.6930930930930932,2.1808568153275862,0.4585353760832713
0.6934934934934935,2.1841911747556435,0.45783538160842313
0.6938938938938939,2.187528889398316,0.45713681992791966
0.6942942942942943,2.190869337798013,0.4564398171755302
0.6946946946946948,2.194213699235036,0.45574412389669605
0.6950950950950952,2.197562222094853,0.4550496863960183
0.6954954954954955,2.2009128251957057,0.45435693252006915
0.695895895895896,2.2042666098539545,0.453665629887782
0.6962962962962964,2.207625126227638,0.45297545680175666
0.6966966966966968,2.2109861891232834,0.45228685955588327
0.6970970970970971,2.214350821825531,0.45159962465910936
0.6974974974974975,2.2177190878861737,0.45091373630785375
0.6978978978978979,2.221091486315637,0.45022909058951344
0.6982982982982984,2.224466135782314,0.4495460658691097
0.6986986986986987,2.22784580690528,0.44886409862858007
0.6990990990990991,2.231228066651375,0.44818367738659687
0.6994994994994995,2.2346137296948094,0.4475046343407969
0.6998998998999,2.2380026270179036,0.44682700007929893
0.7003003003003003,2.2413950219887364,0.44615071872191625
0.7007007007007007,2.2447916124336706,0.44547564881350343
0.7011011011011011,2.2481906663923295,0.4448021313088625
0.7015015015015016,2.251593743739485,0.44412985370050956
0.7019019019019019,2.2550014097745303,0.4434587028040867
0.7023023023023023,2.2584117758698508,0.44278904789842394
0.7027027027027027,2.2618262652242906,0.44212060642104023
0.7031031031031032,2.2652438409267326,0.4414535786093962
0.7035035035035035,2.268663885929161,0.4407880806858425
0.7039039039039039,2.272089133748072,0.44012357840486
0.7043043043043044,2.275518379594314,0.4394603045035755
0.7047047047047048,2.278949368760234,0.4387986910582431
0.7051051051051052,2.2823861504909004,0.43813795478250595
0.7055055055055055,2.2858243804940184,0.43747892818602163
0.705905905905906,2.289267507783697,0.4368209467001642
0.7063063063063064,2.2927149944179104,0.43616411217037754
0.7067067067067068,2.2961652386397686,0.4355087269731479
0.7071071071071071,2.299618546361668,0.4348547290950257
0.7075075075075076,2.303075656578913,0.4342019755814026
0.7079079079079079,2.3065377484081684,0.4335502424316008
0.7083083083083084,2.310003433901876,0.43289978937861523
0.7087087087087087,2.3134717417462793,0.43225079518160414
0.7091091091091091,2.31694363387879,0.4316030763018185
0.7095095095095095,2.3204205140905723,0.43095636929926195
0.70990990990991,2.3238996682676487,0.43031117636220934
0.7103103103103103,2.3273833573711635,0.42966707518675584
0.7107107107107107,2.3308712422901943,0.42902412705450493
0.7111111111111111,2.334363408287834,0.4283823146171836
0.7115115115115116,2.3378572991332103,0.427742104007273
0.7119119119119119,2.341356924818851,0.4271027579775643
0.7123123123123123,2.3448590448213547,0.4264648667085172
0.7127127127127127,2.3483654594920322,0.42582809926709914
0.7131131131131132,2.351876865756271,0.4251923281189466
0.7135135135135136,2.355389727854059,0.4245581901688418
0.7139139139139139,2.358908707265063,0.42392484156769583
0.7143143143143144,2.3624295524422045,0.42329304548625873
0.7147147147147148,2.3659562450905534,0.42266208518227544
0.7151151151151152,2.36948537042437,0.42203256980687837
0.7155155155155155,2.3730186394401556,0.42140419100792265
0.715915915915916,2.376556629818532,0.4207768447227608
0.7163163163163164,2.3800971824506276,0.4201509112205101
0.7167167167167168,2.3836417264209087,0.4195261347020982
0.7171171171171171,2.387190539259327,0.41890246444687645
0.7175175175175176,2.390744330290993,0.4182797747671678
0.717917917917918,2.394301042190407,0.41765842405730147
0.7183183183183184,2.3978622371064464,0.41703813693931063
0.7187187187187187,2.4014267023851583,0.41641912243533163
0.7191191191191191,2.404995254517104,0.4158012362485051
0.7195195195195195,2.4085675293441207,0.4151845392818656
0.71991991991992,2.41214521282181,0.4145687393464035
0.7203203203203203,2.415725550371601,0.41395430861182647
0.7207207207207207,2.419309453880738,0.41334108722467544
0.7211211211211211,2.4228982725094883,0.4127288427030252
0.7215215215215216,2.426490518234145,0.41211782716041284
0.721921921921922,2.430088402952421,0.41150766317186493
0.7223223223223223,2.4336879969827137,0.4108990146805178
0.7227227227227228,2.437294021927922,0.41029108142192494
0.7231231231231232,2.440901732377,0.4096846615067045
0.7235235235235236,2.444515069736548,0.4090790899103652
0.7239239239239239,2.448131782865802,0.408474742658417
0.7243243243243244,2.4517533643030314,0.4078713685315054
0.7247247247247248,2.455378398415827,0.4072692016208927
0.7251251251251252,2.459007566509076,0.40666812645056133
0.7255255255255255,2.462640295929736,0.40606823564643396
0.725925925925926,2.4662781284302917,0.4054692731011926
0.7263263263263264,2.469919662011646,0.4048714682426318
0.7267267267267268,2.473565604525427,0.4042747029512718
0.7271271271271271,2.4772153997924637,0.40367906645654555
0.7275275275275276,2.4808689111358637,0.40308457875839593
0.727927927927928,2.484528137864338,0.40249091357024624
0.7283283283283284,2.4881903865690163,0.40189850639962776
0.7287287287287287,2.4918567972766192,0.40130717025669865
0.7291291291291291,2.4955272279025724,0.40071692619458005
0.7295295295295295,2.4992019642026233,0.4001277264997079
0.72992992992993,2.5028817174263778,0.39953945607476155
0.7303303303303303,2.5065641618706085,0.3989524845251582
0.7307307307307307,2.5102526002065324,0.39836628390215567
0.7311311311311312,2.5139438098180227,0.3977813649193644
0.7315315315315316,2.51764021482186,0.39719734142821383
0.731931931931932,2.5213394270547895,0.39661458876566785
0.7323323323323323,2.5250447356821053,0.3960325874107193
0.7327327327327328,2.52875283913257,0.39545185457627674
0.7331331331331332,2.532466128576484,0.39487201377185116
0.7335335335335336,2.5361839055276216,0.3942931732278943
0.7339339339339339,2.5399058874484592,0.39371537541675644
0.7343343343343344,2.5436322168899808,0.3931385965942311
0.7347347347347348,2.547361677550074,0.392563022680686
0.7351351351351352,2.551097047131427,0.3919882237033855
0.7355355355355355,2.5548361743153967,0.3914145298447419
0.735935935935936,2.5585791089557968,0.3908419311717582
0.7363363363363364,2.5623263304231294,0.3902703524241837
0.7367367367367368,2.5660787455203433,0.38969965428602715
0.7371371371371371,2.569835884541653,0.3891299074837055
0.7375375375375376,2.5735958813650783,0.38856139273489326
0.737937937937938,2.577360919577455,0.3879937778229154
0.7383383383383384,2.5811299781720654,0.38742721538889396
0.7387387387387387,2.584904281415249,0.3868615202465039
0.7391391391391392,2.5886836555237878,0.38629671797331394
0.7395395395395397,2.5924665108740363,0.3857330444985595
0.73993993993994,2.596253509002033,0.38517039901253225
0.7403403403403404,2.600045746166201,0.3846086175500997
0.7407407407407407,2.6038410440563093,0.38404802101213614
0.7411411411411412,2.607641346498946,0.38348832033309077
0.7415415415415416,2.611447177741837,0.382929437946632
0.741941941941942,2.6152557537027343,0.3823717808800072
0.7423423423423423,2.619070309414575,0.38181487392888047
0.7427427427427428,2.622888899844874,0.3812590003561124
0.7431431431431432,2.6267118701021173,0.38070410819787537
0.7435435435435436,2.630539992339943,0.38015008435985437
0.7439439439439439,2.6343725786606353,0.37959702742898227
0.7443443443443444,2.6382074597531084,0.3790452476749433
0.7447447447447448,2.6420485781393306,0.37849417617606884
0.7451451451451452,2.6458946167683313,0.3779440018746438
0.7455455455455455,2.649744672472693,0.37739485256397115
0.745945945945946,2.6536001702287133,0.3768465239108762
0.7463463463463464,2.657459132166984,0.3762992957805396
0.7467467467467468,2.661323837959749,0.37575284365491957
0.7471471471471471,2.6651931514539418,0.37520732763945097
0.7475475475475476,2.6690663474167926,0.3746628482906886
0.747947947947948,2.6729431179726983,0.3741194465666194
0.7483483483483484,2.676825523306468,0.3735768324432218
0.7487487487487487,2.6807121638935314,0.37303520067129314
0.7491491491491492,2.6846040085191625,0.37249441512664794
0.7495495495495497,2.6885004959943193,0.3719545529152519
0.74994994994995,2.6924014830189784,0.3714156325893508
0.7503503503503504,2.6963072507587764,0.37087761408444336
0.7507507507507507,2.700218505411907,0.37034039948832
0.7511511511511512,2.7041324201100023,0.369804375171583
0.7515515515515516,2.7080525239037248,0.3692690563322144
0.751951951951952,2.711976829183712,0.36873471382164935
0.7523523523523523,2.715905749102817,0.36820128987552087
0.7527527527527528,2.7198401247419115,0.3676686695306736
0.7531531531531532,2.723779218993135,0.3671369518597243
0.7535535535535536,2.7277227163957605,0.3666061781093851
0.7539539539539539,2.731670716427582,0.36607633342710416
0.7543543543543544,2.735623745073771,0.36554734612198403
0.7547547547547548,2.739580728636608,0.36501935845404504
0.7551551551551552,2.743543037907309,0.36449218626538094
0.7555555555555555,2.7475104443687566,0.3639658593653685
0.755955955955956,2.7514810973912085,0.36344062147042944
0.7563563563563565,2.7554576438387874,0.36291612111549
0.7567567567567568,2.7594390763620718,0.3623924907660429
0.7571571571571571,2.7634268576002947,0.3618695379071405
0.7575575575575576,2.767416699289017,0.3613478231366141
0.7579579579579581,2.7714129641519754,0.3608267742609734
0.7583583583583584,2.7754142632220122,0.3603065723381733
0.7587587587587588,2.779419613673,0.3597873437607721
0.7591591591591592,2.783430530634874,0.3592688910299154
0.7595595595595597,2.7874447893154835,0.35875150023888774
0.75995995995996,2.7914647509938844,0.3582348656360271
0.7603603603603604,2.7954911269623857,0.35771889610202845
0.7607607607607608,2.7995208458111684,0.3572039842090361
0.7611611611611613,2.803555448414576,0.3566899311962975
0.7615615615615616,2.8075947991749226,0.35617675324582926
0.761961961961962,2.811641300089513,0.35566414534036167
0.7623623623623623,2.8156893028763057,0.3551528213636611
0.7627627627627628,2.819744172040057,0.3546421019026382
0.7631631631631632,2.8238032086009617,0.3541323265566529
0.7635635635635636,2.827868387436896,0.35362324655652494
0.7639639639639639,2.831937834411539,0.3531150959066849
0.7643643643643644,2.836012228721854,0.3526077884546655
0.7647647647647648,2.840092679064582,0.3521011857716424
0.7651651651651652,2.844176400800161,0.3515956322957559
0.7655655655655655,2.8482653397184654,0.35109088540846556
0.765965965965966,2.8523597064577473,0.35058691852082974
0.7663663663663665,2.8564601391949687,0.350083652937593
0.7667667667667668,2.8605633339006094,0.3495814926203431
0.7671671671671672,2.8646729426493405,0.34907998924134365
0.7675675675675676,2.868786492674896,0.3485794438008477
0.7679679679679681,2.8729063047882217,0.3480795730557999
0.7683683683683684,2.8770307366470966,0.34758057578675855
0.7687687687687688,2.881160758274955,0.3470823337878351
0.7691691691691692,2.8852955568245773,0.3465849443516122
0.7695695695695697,2.8894347296742335,0.34608845450983555
0.76996996996997,2.893580519452778,0.3455925948067676
0.7703703703703704,2.8977289162903666,0.34509784347950206
0.7707707707707708,2.9018852389436596,0.34460356549593213
0.7711711711711713,2.9060440647928423,0.3441104049711941
0.7715715715715716,2.9102093344043105,0.34361789311100865
0.771971971971972,2.914380938490872,0.3431260432679817
0.7723723723723723,2.9185569253156283,0.3426350849373461
0.7727727727727728,2.922735745243063,0.3421451979117726
0.7731731731731732,2.926923069734186,0.3416557170020929
0.7735735735735736,2.931113659878298,0.34116725451087443
0.7739739739739739,2.935309492059683,0.34067957832218504
0.7743743743743744,2.9395106960248407,0.34019267266226316
0.7747747747747749,2.9437178241424604,0.3397064731539993
0.7751751751751752,2.9479295521240685,0.33922113209234295
0.7755755755755755,2.9521449642659676,0.33873675314201374
0.775975975975976,2.956368178012097,0.3382528629003218
0.7763763763763765,2.9605945028868192,0.3377699982300579
0.7767767767767768,2.9648289144504294,0.3372875902302657
0.7771771771771772,2.96906521456039,0.33680634399539905
0.7775775775775776,2.9733092351478803,0.3363255957970561
0.7779779779779781,2.977557925291127,0.33584569136542536
0.7783783783783784,2.981810970837141,0.3353666646813801
0.7787787787787788,2.9860684701537896,0.3348885030585041
0.7791791791791792,2.9903333063108093,0.3344108825225592
0.7795795795795797,2.9946017171711627,0.3339342237954253
0.77997997997998,2.998877429432775,0.33345811008659526
0.7803803803803804,3.0031575044792715,0.3329828683672033
0.7807807807807808,3.007441773866152,0.3325085156060965
0.7811811811811813,3.0117328727349713,0.3320347594744996
0.7815815815815816,3.016029097635917,0.33156178790975177
0.781981981981982,3.020331548097081,0.33108947944143297
0.7823823823823824,3.024636940834313,0.33061819304638956
0.7827827827827829,3.0289496150653865,0.3301474527757745
0.7831831831831833,3.033267121542622,0.32967752589209226
0.7835835835835836,3.0375898278084117,0.32920837133612907
0.783983983983984,3.0419160996208943,0.32874016483381224
0.7843843843843844,3.0462495685939177,0.3282725126364411
0.7847847847847849,3.0505894460618475,0.32780550043892276
0.7851851851851852,3.054932907221309,0.32733943113322744
0.7855855855855856,3.0592824216340624,0.32687403847660046
0.785985985985986,3.0636384466406597,0.32640927361925487
0.7863863863863865,3.067999397671235,0.3259453051910799
0.7867867867867868,3.072364093009068,0.3254822572218652
0.7871871871871872,3.0767367131879686,0.3250196858618583
0.7875875875875876,3.081111966231472,0.3245581500964103
0.7879879879879881,3.085494883849362,0.3240971181752319
0.7883883883883884,3.089883482050216,0.32363679918974636
0.7887887887887888,3.0942761756272,0.323177358206335
0.7891891891891892,3.0986742883647107,0.3227186554440152
0.7895895895895897,3.10307957839033,0.3222605075821913
0.78998998998999,3.107489200828254,0.3218032100428427
0.7903903903903904,3.111903226028557,0.32134675385654915
0.7907907907907908,3.1163246760286913,0.32089082620054743
0.7911911911911913,3.120749409106558,0.3204358533504588
0.7915915915915916,3.125181291934338,0.31998143678283947
0.791991991991992,3.1296195467855377,0.31952765665306176
0.7923923923923925,3.134061254579892,0.3190748102126823
0.7927927927927929,3.1385090063858314,0.31862263194571994
0.7931931931931933,3.1429632722034864,0.3181710740446911
0.7935935935935936,3.147422367767697,0.3177203066994939
0.793993993993994,3.151887594883559,0.3172701975867712
0.7943943943943944,3.1563580946043066,0.3168208327532507
0.7947947947947949,3.160836015618708,0.31637199622463114
0.7951951951951952,3.1653161467384514,0.3159242090337176
0.7955955955955956,3.1698040637899143,0.31547691272891154
0.795995995995996,3.1742979841395025,0.3150302854352481
0.7963963963963965,3.178796521565537,0.3145844640309051
0.7967967967967968,3.183301321562808,0.3141392846559246
0.7971971971971972,3.1878092019876227,0.31369506034943767
0.7975975975975976,3.192325278151312,0.3132512864037163
0.7979979979979981,3.19684720268301,0.3128081940108781
0.7983983983983984,3.201373023757433,0.3123659731555761
0.7987987987987988,3.205906501398492,0.3119242559206815
0.7991991991991992,3.210443861241499,0.3114834095287041
0.7995995995995997,3.2149897181251026,0.3110429854137057
0.8,3.2195384470365,0.3106035279437255
